term_id,zh-CN,ko
1,BOSS-艾猛,BOSS-예맹
2,BOSS-白泽,BOSS-태백
3,BOSS-白战,BOSS-백전
4,BOSS层,BOSS층
5,BOSS-楚威,BOSS-초위
6,BOSS-楚邪,BOSS-초사
7,BOSS-厄魅,BOSS-액매
8,boss辅助怪,boss보조몬스터
9,BOSS-空明法师,BOSS-공명법사
10,BOSS-梁曲,BOSS-양곡
11,BOSS-烈焰兽,BOSS-화염수
12,BOSS-林潘,BOSS-임반
13,BOSS-六耳,BOSS-육이
14,BOSS-栾劫,BOSS-난겁
15,BOSS-乱界之主,BOSS-난계의 주인
16,BOSS-魔化庞弘,BOSS-마화된 방홍
17,BOSS-墨狐,BOSS-묵호
18,BOSS-庞弘,BOSS-방홍
19,BOSS-奇兵傀儡,BOSS-기병괴뢰
20,BOSS-穷奇,BOSS-궁기
21,BOSS伤害加成,BOSS 피해 보너스
22,BOSS-圣升,BOSS-성승
23,BOSS-时空妖灵,BOSS-시공요령
24,BOSS-试炼长老,BOSS-시련장로
25,BOSS-守护者,BOSS-수호자
26,BOSS首杀,BOSS첫킬
27,BOSS属性,BOSS속성
28,BOSS刷新,BOSS 갱신
29,BOSS-王炎,BOSS-왕염
30,BOSS-虚空幻灵,BOSS-허공환영
31,BOSS-旋龟,BOSS-회전거북
32,BOSS-英招,BOSS-영소
33,BOSS-幽冥女神,BOSS-죽음의 여신
34,BOSS-稚灌,BOSS-치관
35,BOSS-坐骑boss狼,BOSS-탈것boss늑대
36,PK必备,PK 필수
37,PVP伤害加成,PVP피해 보너스
38,PVP伤害增强,PVP피해 증가
39,PVP神通宝箱,PVP신통상자
40,PVP战斗,PVP전투
41,VIP白银,VIP실버
42,VIP大礼包,VIP선물(대)
43,VIP等级不足时,VIP레벨이 낮으면
44,VIP副本,VIP던전
45,VIP过期提醒,VIP기간 만료 알림
46,VIP豪门至尊,VIP세가지존
47,VIP黄金,VIP골드
48,VIP举世天骄,VIP세계군주
49,VIP卡,VIP카드
50,VIP礼包特权,VIP 선물특권
51,VIP凌天旷世,VIP무한경지
52,VIP每日礼包,VIP일일선물
53,VIP名门新秀,VIP명문인재
54,VIP气泡,VIP 말풍선
55,VIP权势贵族,VIP권세귀족
56,VIP神界霸主,VIP신계제왕
57,VIP特权,VIP 특권
58,VIP体验.十天,VIP체험.10일
59,VIP体验卡,VIP체험카드
60,VIP头像,VIP프로필
61,VIP投资,VIP투자
62,VIP投资红包,VIP투자 보너스
63,VIP投资获取,VIP투자 획득
64,VIP投资体验卡,VIP투자 체험카드
65,VIP万世天王,VIP만세천왕
66,VIP续费,VIP연장
67,VIP御尊神王,VIP어존신왕
68,VIP折扣直升,VIP 할인 달성
69,VIP至尊,VIP지존
70,阿布,아포
71,阿玛,블레어
72,阿诺,틴슬리
73,阿石,아석
74,阿书,아서
75,阿五,아오
76,阿修,아쉬
77,阿虚,아허
78,哀歌,애가
79,哀难,비탄
80,埃玛,파비앙
81,矮人,드워프
82,矮人王国,드워프 왕국
83,矮人战士,드워프 전사
84,艾迪,에디
85,艾凡,토너
86,艾勒,탑
87,艾梅,수잔
88,艾猛boss技能,예맹 BOSS스킬
89,艾猛boss普攻,예맹 boss일반공격
90,艾维,토저
91,艾文,트랜
92,安倍,아이다
93,安卢坊,안로방
94,安妮,애니
95,安商道,안상도
96,氨基酸,아미노산
97,暗金,암금
98,暗器,암기
99,暗杀星,암살성
100,暗影刺客,섀도우 어쌔신
101,暗影杀手,암영자객
102,暗之锁,어둠의 자물쇠
103,鳌龟,자라
104,傲天,오천
105,奥村,베티
106,奥利弗,올리버
107,奥琳,스위니
108,奥玛,트레이너
109,奥能,오넬
110,奥术,아케인
111,奥斯卡,오스카
112,奥图,시드니
113,八宝糕,팔보고
114,八卦印,팔괘
115,八仙,팔선
116,巴比,트럼프
117,巴德,터튼
118,巴金,파금
119,巴卡,카일
120,巴伦,본
121,巴罗,베가
122,巴洛,비커스
123,巴卫,모턴
124,拔毒草,발독초
125,拔剑式,발검식
126,霸皇,패황
127,霸天虎,패천호
128,霸王龙,패왕룡
129,霸王枪,패왕창
130,白菜,배추
131,白衬衣,흰 셔츠
132,白帝,백제
133,白谛套,백체 세트
134,白虎,백호
135,白金婚,결혼 70주년
136,白酒,백주
137,白龙,백룡
138,白蛇,백사
139,白头偕老,백년해로
140,白小宇,백소우
141,白羊,흰양
142,白羊座,양자리
143,白衣剑客,백의 검객
144,白银VIP.月度卡,실버VIP.월간카드
145,白隐,백은
146,白玉佩,백옥패
147,白月刀,백월도
148,白泽boss技能,태백 BOSS스킬
149,白泽boss普攻,태백boss일반공격
150,白战boss技能,백전 BOSS스킬
151,白战boss普攻,백전 boss일반공격
152,白赭,백자
153,白粽子,흰밥
154,百宝绢,백보비단
155,百变宝箱,변신 상자
156,百合花,백합화
157,百会,백회
158,百魂刀,백혼도
159,百炼铁,백련철
160,百无铭,백무명
161,百夜,그레이스
162,百战刀,백전도
163,柏格,워딩
164,柏树,측백나무
165,捭阖,패합
166,摆件,진열품
167,拜耶,티탄
168,拜因,버키
169,拜月城,배월성
170,班森,월리스
171,半决赛,준결승
172,半月刀,반월도
173,帮会模式,문파 모드
174,帮会任务,문파 퀘스트
175,帮会商店,문파 상점
176,帮派战,문파전
177,帮派驻地,문파 주둔지
178,帮主,문주
179,绑定,귀속
180,榜眼,방안
181,傍晚,저녁
182,包打听,포타청
183,宝藏探险家,보물 탐험가
184,宝石,보석
185,宝石等级总和,보석 총 레벨
186,宝石精华,보석 정수
187,宝石孔,보석 슬롯
188,宝石能量,보석 에너지
189,宝靴,보화
190,宝爷,어르신
191,宝珠,보주
192,宝竹,보죽
193,保护费,보호비
194,保护符,보호부적
195,保元丹,보원단
196,鲍伯,왓슨
197,暴风骤雨,폭풍우
198,暴击,치명타
199,暴击免伤,치명타 피해 감면
200,暴击伤害,치명타 피해
201,暴击神兵,치명타신병
202,暴击石,치명타석
203,暴力鸡,폭력계
204,爆裂箭,폭발화살
205,爆裂拳,폭열권
206,悲伤,슬픔
207,碑文,비문
208,北海,북해
209,北极城,북겁성
210,北美区,북미 지역
211,北顺坊,북순방
212,北踏,북답
213,北条,마커스
214,贝茨,유들라인
215,背棺人,배관인
216,背饰,등 장식
217,被惦记,예의주시
218,被动,패시브
219,被动技能,패시브 스킬
220,被克制,구속 됨
221,被欺负,괴롭힘
222,本服,본서버
223,本境奖励,이번 보상
224,本堂,분당
225,本特,윅섬
226,崩碎拳,붕쇄권
227,迸发,분출
228,比蒂,워터스
229,比顿,우드
230,比尔,월프
231,比武场,비무장
232,彼岸花,피안화
233,彼得,월랜드
234,彼得斯,피터스
235,陛下,폐하
236,碧海潮生,벽해조생
237,碧空,하늘
238,碧落旗,벽낙기
239,碧水刃,벽수인
240,碧玉,벽옥
241,避世林,피세림
242,蝙蝠,박쥐
243,变身术,변신술
244,变异蜘蛛,변이 거미
245,标靶,표적
246,镖局,표국
247,冰封原,빙봉원
248,冰狐,빙호
249,冰灵引,빙령인
250,冰流雪,빙류설
251,冰门,얼음문
252,冰魔,빙마
253,冰魄玉,빙백옥
254,冰袭,빙습
255,冰雨降,빙우강
256,冰元素,얼음원소
257,冰原,빙원
258,兵符,병부
259,兵工厂,무기공장
260,兵器架,병기걸이
261,兵舍,병영
262,并蒂莲,연꽃 한쌍
263,拨浪鼓,장난감소고
264,波顿,요우
265,波克,베르겐
266,波特,영
267,波文,질
268,玻璃,유리
269,伯爵夫人,백작 부인
270,伯克,버크
271,勃伊,시안
272,博达,바비
273,博曼,위니
274,博特,에머리
275,博耶,윅스
276,渤海,발해
277,渤海刀,발해도
278,补丁裤,가죽 바지
279,补气酒,보기주
280,捕狐人,포호인
281,不速之客,불청객
282,不在活动期间,이벤트 기간이 아닙니다.
283,布袋虎,포대 호랑이
284,布尔,우드로우
285,布阵中,포진 중
286,擦弓,찰궁
287,猜对,정답
288,材料礼包,재료 상자
289,财大郎,재대랑
290,采参客,채참객
291,采臣,채신
292,采集中,채집 중
293,彩粉熊,핑크곰
294,彩翎鸾,채영난
295,踩点,사전 답사
296,参鸡汤,삼계탕
297,残章,낱장
298,蚕变,잠변
299,璨常殿,찬상전
300,璨浮宫,찬부궁
301,璨离宫,찬리궁
302,璨明殿,찬명전
303,璨阳殿,찬양전
304,璨玥宫,찬모궁
305,仓敷,노라
306,仓桥,마고
307,苍井,그레인저
308,苍麟套,창린 세트
309,苍灵秘境世界BOSS,신령비경 월드BOSS
310,苍崎,메건
311,苍生卫,창생위
312,苍郁,창욱
313,藏宝阁,장보각
314,操作二,조작2
315,操作三,조작3
316,操作四,조작4
317,操作一,조작1
318,曹丕,조비
319,曹植,조식
320,草间,레논
321,草泥马,라마
322,草书,초서
323,测试NPC,테스트 NPC
324,测试刀,신속도
325,测试怪物,테스트 몬스터
326,策划服,기획
327,茶花妖,다화요
328,查利,이본
329,拆分,분할
330,拆分物品,아이템 분해
331,拆火药,폭탄 제거
332,拆筋,탁근
333,禅定,선정
334,昌安观,창안관
335,昌浩,오델
336,菖蒲,창포
337,常规技能,일반 스킬
338,常量,정량
339,超人,초인
340,朝比,레아
341,朝歌,조가
342,朝芒,조망
343,朝明套,조명 세트
344,朝天歌,천가
345,潮力,조력
346,车悬,차현
347,沉底炮,침저포
348,沉思鬼,심사귀
349,沉萤,침형
350,陈墨笔,진묵필
351,陈尚西,진상서
352,陈天源,진천원
353,陈长老,진장로
354,衬衣,셔츠
355,称号,칭호
356,成就榜,업적랭킹
357,成年山狼,야생 늑대
358,城碧刀,성벽도
359,城门护卫,별문양 호위병
360,城天观,성천관
361,城寨,성채
362,程海博,정해박
363,橙圃丹,전설단환
364,橙色,전설
365,橙色及以下,전설 이하
366,吃包子,찐빵 먹기
367,尺规,컴퍼스
368,赤柏山,적백산
369,赤虹狼,적홍랑
370,赤火草,적화초
371,赤火剑,적화검
372,赤精,적정
373,赤魔扇,적마부채
374,赤牛茶,적오차
375,赤日杳灵,적일
376,赤司,스티븐스
377,赤铜矿,적동광
378,赤钨金,적오금
379,赤血熊,적혈웅
380,赤炎草,적염초
381,赤炎脉,적염맥
382,赤焰蛇,적염사
383,赤羽,붉은 날개
384,赤朱剑,적주검
385,赤柱,적주
386,赤子,피어스
387,炽火,치화
388,翅娟,시연
389,敕令,칙령
390,冲兵,충병
391,冲轭,충액
392,冲魂拳,충혼권
393,冲击波,충격파
394,冲雨,충우
395,充 值,충 전
396,充值活动,충전 이벤트
397,充值有礼,충전 선물
398,宠伤,펫 피해
399,宠物,펫
400,仇仁,구인
401,出云,시블리
402,初春,링컨
403,初级宝石,초급 보석
404,初级生命,초급 HP
405,初级元素,초급 원소
406,初品,초품
407,初识,초면
408,初心,초심
409,初序,첫번째
410,除匪,퇴치
411,厨娘甲,취사부 갑
412,厨娘乙,취사부 을
413,橱柜,찬장
414,储水罐,저수관
415,楚南中,초남중
416,楚威boss技能,초위 BOSS스킬
417,楚威boss普攻,초위 boss일반공격
418,楚邪BOSS,초사 BOSS
419,楚邪boss技能,초사 BOSS스킬
420,楚邪boss普攻,초사 boss일반공격
421,楚云显,초운현
422,处女座,처녀자리
423,处刑人,집행자
424,川庆山,천경산
425,川新道,천신도
426,穿宫马,천궁마
427,穿心剑,천심검
428,穿云弓,천운궁
429,传感,감지
430,传功者,전수자
431,传奇属性,전설 속성
432,传说套,전설 세트
433,传送,전송
434,传送门,전송문
435,传送阵,전송진
436,传送中,전송 중
437,船难,조난
438,船长先生,선장님
439,床榻,침대
440,闯大牢,감옥 습격
441,闯前寨,앞 지역 돌진
442,闯学堂,학당 돌격
443,创伤,상처
444,捶山,추산
445,春饼,춘병
446,春符套,춘부 세트
447,春虎,시모어
448,春节的祝福,설날의 축복
449,词条,옵션
450,瓷婚,결혼 20주년
451,辞海,사해
452,刺骨杀,자골살
453,刺诀,척결
454,刺魔猪,척마저
455,刺拳,자권
456,刺血,척혈
457,聪明伶俐,총명
458,从书兰,종서란
459,粗革靴,두꺼운 가죽 부츠
460,促销,프로모션
461,崔玄之,최현지
462,催火扇,최화선
463,萃取符,추출부적
464,淬锋锁,정제쇄
465,淬炼石,쉬련석
466,翠琼,취경
467,翠玉弓,취옥궁
468,达勾,재커리
469,达特,조에
470,打火石,부싯돌
471,打劫者,약탈자
472,打清水,깨끗한 물 뜨기
473,打杂,잡일
474,大葱,대파
475,大地之神,대지의 신
476,大蜂巢,큰 벌집
477,大谷,세이지
478,大寒,대한
479,大猴子,큰 원숭이
480,大灰狼,큰늑대
481,大混战,대혼전
482,大剑士,대검사
483,大将军,대장군
484,大角猿,큰뿔 원숭이
485,大量经验,대량의 경험치
486,大魔导师,대마도사
487,大商人,대상인
488,大手印,대수인
489,大暑,대서
490,大天使,대천사
491,大天使之剑,대천사의 검
492,大胃王,대위왕
493,大西瓜,큰수박
494,大贤者,대현자
495,大邪魔,대사마
496,大宗师,대종사
497,大粽子,단오음식
498,代行者,대행자
499,岱尘脉,대진맥
500,带茶,차 가져가기
501,待承接,미수락
502,戴肯,에스더
503,戴维德,데이비드
504,黛莉拉,데릴라
505,丹顶鹤,두루미
506,丹尼尔,다니엘
507,单手剑,한손검
508,单体嘲讽,개인 조롱
509,弹窗,팝업
510,弹舞,탄무
511,蛋炒饭,계란볶음밥
512,当麻,노에
513,当前等级,현재 레벨
514,当前频道,현재 채널
515,当前设,현재 설
516,当前战力,현재 전투력
517,当头炮,당두포
518,刀大宝,도대보
519,刀法,도법
520,刀华,스피틀
521,刀杰,도호
522,刀意,도의
523,岛左,세일럼
524,蹈海,도해
525,盗宝库,보물 창고
526,盗宝王,도적왕
527,盗墓,도굴
528,盗贼首领,도둑 두목
529,盗贼头目,도적 두목
530,道标,화살표
531,道冠,도관
532,道家,도가
533,道具,아이템
534,道袍,도포
535,道纹,도문
536,地荡,지탕
537,地洞,땅굴
538,地龙,지룡
539,地球仪,지구본
540,地铁站,지하철역
541,地心铁,지심철
542,地穴,구덩이
543,地狱枪,지옥창
544,地元丹,지원단
545,地震术,어스퀘이크
546,的兽皮,한 가죽
547,的铁血,한 철혈
548,灯笼草,꽈리
549,等级,레벨
550,等级榜,레벨랭킹
551,等级封印,레벨 봉인
552,氐土貉,저토맥
553,狄铁贺,적철하
554,迪娜,디나
555,敌方水晶,적군 수정
556,敌视,적시
557,笛仙,적선
558,帝品,제품
559,帝天刀,제천도
560,帝威,제위
561,第八季,제8회
562,第八章,제8장
563,第二场,제2판
564,第二季,제2회
565,第二轮,2라운드
566,第二章,제2장
567,第九季,제9회
568,第九章,제9장
569,第六季,제6회
570,第六天,6일차
571,第六章,제6장
572,第七季,제7회
573,第七天,7일차
574,第七章,제7장
575,第三场,제3판
576,第三季,제3회
577,第三轮,3라운드
578,第三天,3일차
579,第三章,제3장
580,第十季,제10회
581,第十章,제10장
582,第四层,4층
583,第四季,제4회
584,第四天,4일차
585,第四章,제4장
586,第五季,제5회
587,第五天,5일차
588,第五章,제5장
589,第一关,관문 1
590,第一季,제1회
591,第一轮,1라운드
592,第一章,제1장
593,点石成金,연금술
594,电音,피아노
595,店小二,알바생
596,殿下,전하
597,貂蝉,초선
598,钓竿,낚싯대
599,丁不忧,정불우
600,顶层,꼭대기층
601,鼎盛,전성기
602,定光石,오팔
603,定魂,정혼
604,丢宝,보물 분실
605,东厂,동창
606,东海城,동해성
607,东堂,뉴볼드
608,东洲城,동주성
609,洞穴蝙蝠,동굴 박쥐
610,斗笠三,두입삼
611,斗圣,투성
612,斗兽场,콜로세움
613,豆沙,팥고물
614,毒蟾,독 두꺼비
615,毒狐狸,독여우
616,毒虎王,독호왕
617,毒虎血,독호혈
618,毒花,독화
619,毒狼人,독낭인
620,毒魔师,독마법사
621,毒山魈,독맨드릴
622,毒伤害,독피해
623,毒水珠,독수주
624,毒雾,독안개
625,毒心草,독심초
626,毒雨,독비
627,毒鬃毛,독 갈기
628,独家VIP礼包,단독 VIP 선물
629,独轮,바퀴
630,赌神兵,신병 내기
631,赌战,승부 내기
632,杜必书,두필서
633,杜甫,두보
634,度厄,액막이
635,镀金,도금
636,端午活动,단오절 이벤트
637,短弓,단궁
638,短刃,단인
639,短靴,단화
640,段天瑞,단천서
641,段小誉,단소예
642,断肠草,단장초
643,断魂枪,단혼창
644,断筋,단근
645,断筋锁,단근쇄
646,断情使,단정사
647,锻天石,단천석
648,锻造宝箱,강화 상자
649,队伍频道,파티 채널
650,对头兵,대두병
651,对战,대전
652,对战区,대전지역
653,兑换券,교환권
654,碓冰,하산
655,多彩,다채
656,多恩姆,도룸
657,多尔夫,돌프
658,多少段,몇단
659,多少级,몇 레벨
660,夺魂弓,탈혼궁
661,夺魁数,우승 횟수
662,夺命剑,탈명검
663,堕落岩,타락 바위
664,堕落之塔,타락
665,堕魔岩,악마 바위
666,峨嵋,아미
667,厄化巨兽,흑화된 괴수
668,厄魅boss技能,액매 BOSS스킬
669,厄魅boss普攻,액매boss일반공격
670,厄魔岛,흑마도
671,厄刑,액형
672,厄运,액운
673,恶鬼咬,악귀교
674,恶鬼咒,악귀저주
675,恶名,악명
676,恶魔宝宝,데몬
677,恶魔之眼,악마의 눈
678,噩梦,악몽
679,儿歌,동요
680,儿童玩具,장난감
681,耳环,귀걸이
682,二段击,2단계 공격
683,二段砍,2단계 찍기
684,二连击,2연격
685,二连箭,이연화살
686,二师兄,둘째 사형
687,二十级,20레벨
688,二星,2성
689,二转邪,2차 사파 전직
690,二转正,2차 정파 전직
691,发财牛boss技能,행운소 BOSS스킬
692,发财牛boss普攻,행운소boss일반공격
693,法宝灵,무기 영
694,法兰,베넷
695,法则,의 법칙
696,法杖,스태프
697,法阵,마법진
698,翻天锤,번천추
699,繁花意,꽃말
700,反驳,반박
701,反金刚,반금강
702,反叛者,배신자
703,范曾,범증
704,梵祭,범제
705,方案二,세트 2
706,方案一,세트 1
707,芳雪,스노우
708,防壁,방벽
709,防护裤,보호 각반
710,防具,방어구
711,防御,방어
712,防御宝石,방어 보석
713,防御光环buff范围,방어 고리 buff범위
714,防御塔,방어탑
715,飞剑,비검
716,飞蛇,비사
717,飞踏,비답
718,飞翔刀,비상도
719,飞雪,비설
720,飞烟刃,비연인
721,飞羽,비우
722,飞撞,비당
723,非绑定,비귀속
724,菲利,브레이튼
725,菲尼克斯,피닉스
726,绯红之灵,붉은 영혼
727,废料堆,폐기물 더미
728,废墟,폐허
729,分海拳,분해권
730,分击,분격
731,分解剂,분해제
732,分堂一,분당1
733,分钟,분
734,分钟前,분 전
735,分组,팀 구분
736,氛围值,분위기
737,坟墓,무덤
738,汾化坊,분화방
739,焚灭,분멸
740,粉红,핑크
741,奋力击,최후의 일격
742,丰口,멜빈
743,风刀客,풍도객
744,风堕,풍타
745,风骨木,풍골목
746,风火轮,풍화륜
747,风罗,풍라
748,风系,바람 속성
749,风云录,풍운록
750,风早,킨리
751,风筝,연
752,枫林晚,풍림만
753,枫树精,풍수정
754,封魂击,봉혼격
755,封魂咒,봉혼주
756,封魔,봉마
757,封魔弓,봉마궁
758,封神,봉신
759,封穴,봉혈
760,疯刀,풍도
761,烽火连天,봉화
762,锋魂,봉혼
763,蜂蜜,꿀
764,凤凰草,봉황초
765,凤凰翎,봉황깃털
766,凤凰岩,봉황바위
767,凤金,봉금
768,弗兰,에저튼
769,伏腊,복석
770,伏龙草,복룡초
771,伏魔,복마
772,伏羲,복희
773,伏羲琴,복희금
774,扶光,부광
775,扶湖峰,부호봉
776,佛奴,불노
777,苻柳思,부유사
778,浮萝,부나
779,浮水沌,부수돈
780,符人,부인
781,符煞使,부살사
782,符文精华,룬 정수
783,符诏,부조
784,福赐,은총
785,福绝衫,복절삼
786,釜锋脉,부봉맥
787,负责人,책임자
788,附带技能,추가 스킬
789,附加伤害,추가 피해
790,复仇战,복수전
791,复合弓,컴파운드 보우
792,复活球,부활구
793,复苏的骷髅,부활한 스켈레톤
794,副帮主,부문주
795,副本,던전
796,副本boss,던전 보스
797,副本次数,던전횟수
798,副本获取,던전 획득
799,副本奖励,던전 보상
800,副本目标,던전 목표
801,副本小怪,던전 몬스터
802,副将,부장
803,赋兵,부병
804,富贵天,금은보화
805,覆盆子,복분자
806,赶人,쫓기
807,感天动地,감천
808,刚毅,불굴의 용기
809,钢刀,강력도
810,钢身,동신
811,罡风,강풍
812,罡虹,강홍
813,罡元,강원
814,岗哨,초소
815,高 级,고 급
816,高坂,플로라
817,高迪,펠리페
818,高端大气,품격
819,高端宴会,고급 연회
820,高尔,고일
821,高防御,높은 방어
822,高级宝石,고급 보석
823,高级暴击,상급 치명타
824,高级拆解,고급 분해
825,高级经验,고급 경험치
826,高级经验丹,고급 경험단
827,高级灵玉,고급 영옥
828,高级祝福石,고급 축복석
829,高粱酒,고량주
830,高岭,리드
831,高桥,로손
832,高头车,고두차
833,高野,매튜
834,郜永逸,고영일
835,哥布林,고블린
836,哥布林强盗,고블린 강도
837,割喉者,참수자
838,阁下,각하
839,格挡,막기
840,格林,그림
841,格瓦斯,수영복(남)
842,格物,격물
843,葛城,하인스
844,葛江,갈강
845,葛木,올리비아
846,隔岸观火,강 건너 불 구경
847,隔阂,간격
848,个人BOSS,개인BOSS
849,个人积分,개인 점수
850,个人记录,개인기록
851,个人卡,개인 카드
852,给点教训,훈계
853,根津,맬러카이
854,耿一风,경일풍
855,更名卡,캐릭터 이름 변경권
856,工坊,공방
857,工具包,공구함
858,弓技,궁술
859,弓冢,카를로
860,公会商人,길드 상인
861,公主风,공주풍
862,功勋,공훈
863,攻击,공격
864,攻击光环buff范围,공격 고리 buff범위
865,攻击力,공격력
866,攻击中,공격 중
867,宫水,헤이즐
868,宫下,나오미
869,共工,공공
870,共患难,공환난
871,贡献值,공헌
872,勾陈套,구진 세트
873,勾魂镰,구혼렴
874,沽酒问卿,술을 마시며
875,孤岛,고도
876,孤灵,호령
877,古参茶,고삼차
878,古代遗迹,고대 유적
879,古铜婚,결혼 8주년
880,古韵千秋,오랜 세월
881,古筝,쟁
882,谷亦粮,곡역량
883,固本丹,혈정완
884,顾盼,두리번
885,卦图,괘도
886,乖孩子,착한 아이
887,怪物攻击,몬스터 공격
888,怪物属性,몬스터 속성
889,关银明,관은명
890,关元,관원
891,关注BOSS刷新通知,BOSS 등장 알림
892,观测,관측
893,观战者,관전자
894,官邸,저택
895,官府,관청
896,贯骨,관골
897,灌汤包,관탕바오
898,罐子,단지
899,光定,패트릭
900,光圈,빛의 고리
901,光逾长庚,경성
902,光之守护,빛의 수호
903,广告,광고
904,广目,광목
905,广溪观,광계관
906,归元,귀원
907,龟龟币,거북화폐
908,龟苓膏,자라 젤리
909,龟图,귀도
910,龟烟,귀연
911,闺蜜天团,단짝친구
912,诡雷,불꼭두각시
913,鬼变,귀변
914,鬼面,귀면
915,鬼面魈,귀면소
916,鬼崎,메키
917,鬼气,귀기
918,鬼泣扇,귀읍부채
919,鬼扰,귀우
920,鬼王,귀왕
921,鬼武者,귀무자
922,鬼眼花,귀안화
923,鬼医,귀의
924,鬼印,귀인
925,鬼幽,귀유
926,鬼爪,귀조
927,贵州,귀주
928,桂宏伯,계굉백
929,桂花酒,계화주
930,郭正玄,곽정현
931,国光,리에더
932,国人,국민
933,果餐,과일만찬
934,果汁,주스
935,过宫炮,과궁포
936,过河兵,과하병
937,哈曼,하만
938,哈蒙,에제키엘
939,哈默,데인
940,还剑,되돌려주기
941,还愿,환원
942,还债,빚 갚기
943,骸骨,해골
944,海参,해삼
945,海产品,해산품
946,海带,미역
947,海盗,해적
948,海克斯,사비나
949,海蓝花,해람화
950,海力,해력
951,海林,해림
952,海陆空,육해공
953,海伦,헬레네
954,海螺壳,소라딱지
955,海宁坊,해저방
956,海棠,해당
957,海王三叉戟,해왕 삼지창
958,海贼船,해적선
959,含源,함원
960,函灵,검령
961,韩吉,플랫
962,韩迹,한적
963,寒冰草,한빙초
964,寒冰刺,한빙자
965,寒冰狼,얼음 늑대
966,寒川,아일라
967,寒刚石,한강석
968,寒流,한파
969,寒露,한로
970,寒沁,한심
971,寒狩,한수
972,寒铁刀,한철도
973,寒香,한향
974,寒月剑,한월검
975,汉堡,햄버거
976,汉娜,한나
977,汉斯,한스
978,旱魃,한발
979,撼地波,표면파
980,杭威,항위
981,豪华度,호화도
982,豪华庆典,호화 결혼식
983,好感度,호감도
984,号角,호각
985,昊天,호천
986,皓月镇,호월진
987,喝茶,차 마시기
988,和平使者,평화의 사자
989,和氏璧,화씨벽
990,和云,화운
991,和云山,화운산
992,河定山,하정산
993,河国峰,하국봉
994,河童,하동
995,核力,핵력
996,贺元武,하원무
997,赫连影,혁련영
998,鹤舞,학무
999,黑法师,흑마법사
1000,黑风寨,흑풍채
1001,黑魔法,흑마법
1002,黑魔蛛,흑마주
1003,黑乃,스타크
1004,黑山羊,검은 산양
1005,黑商,암상인
1006,黑市,암시장
1007,黑铁,흑철
1008,黑橡林,검은 나무의 숲
1009,黑心剑,흑심검
1010,黑沼,저스틴
1011,黑子,리즈
1012,恒星,항성
1013,横骨,횡골
1014,横泽,메케나
1015,轰土,굉토
1016,弘人,톰슨
1017,红参,홍삼
1018,红豆糕,1주년 기념떡
1019,红豆粥,팥죽
1020,红毒狼,홍독낭
1021,红毒肉,홍독육
1022,红队,홍팀
1023,红蝮蛇,홍복사
1024,红辣椒,붉은 고추
1025,红莲业火,홍련업화
1026,红绿,홍록
1027,红魔人,홍마인
1028,红色卡牌,신화 카드
1029,红色品质,신화 등급
1030,红闪,홍섬
1031,红玉,홍옥
1032,虹裳,홍상
1033,虹岩套,홍암 세트
1034,洪钧,홍균
1035,侯自在,후자재
1036,猴子,원숭이
1037,后到达,후 도달
1038,后羿,후예
1039,后羿弓,후예궁
1040,厚缘,깊은 인연
1041,呼延彬,호연빈
1042,狐表弟,여우사촌
1043,弧光,아크
1044,胡佛,에밀리
1045,湖南,호난
1046,虎父,호랑이 아빠
1047,虎阔军,호활군
1048,虎母,호랑이 엄마
1049,虎王血,호왕혈
1050,虎影团,호영단
1051,虎跃,호약
1052,护法,호법
1053,护花使者,흑기사
1054,护身符,호신부
1055,护身劲,호신경
1056,护卫长,호위장
1057,花边婚,결혼 13주년
1058,花残满地殇,흩날리는 꽃잎
1059,花灯,꽃등
1060,花钿,화전
1061,花果婚,결혼 4주년
1062,花花公子,난봉꾼
1063,花魁,매화
1064,花林木,화림목
1065,花灵,화령
1066,花零斩,화령참
1067,花萝,화라
1068,花萝萤,화라형
1069,花圃,꽃밭
1070,花期,화기
1071,花石纲,화석강
1072,花心玉,화심옥
1073,花芽,화아
1074,花中玉,화중옥
1075,华常殿,화상전
1076,华浮宫,화부궁
1077,华离宫,화리궁
1078,华明殿,화명전
1079,华倩文,화청문
1080,华佗,화타
1081,华阳殿,화양전
1082,华玥宫,화모궁
1083,华棕,화종
1084,化蝶,화접
1085,化圣,화성
1086,画面品质,화질
1087,桦树,자작나무
1088,槐木,괴목
1089,欢乐豆,환악두
1090,环铁刃,환철인
1091,环突,환돌
1092,幻刀,환도
1093,幻风卷,환풍권
1094,幻龟,환귀
1095,幻狐狸,환여우
1096,幻虎王,환호왕
1097,幻虎血,환호혈
1098,幻化宝箱,변신보물상자
1099,幻化属性,변신 속성
1100,幻卷,환권
1101,幻狼草,환랑초
1102,幻灵酒,환영주
1103,幻灵卫,환영위
1104,幻魔毛,환마모
1105,幻魔猪,환마저
1106,幻兽,환수
1107,幻术,환술
1108,幻术使,환술사
1109,幻树枝,환나무
1110,幻舞,환무
1111,幻形,환형
1112,幻雪人,환설인
1113,幻影,환영
1114,幻影斩,환영참
1115,幻云珠,환운주
1116,唤魔者,환마자
1117,唤天铃,환천령
1118,荒魂,황혼
1119,荒咬,황교
1120,皇甫厉,황보려
1121,皇甫穆,황보목
1122,皇甫肃,황보숙
1123,皇甫威,황보위
1124,皇甫严,황보엄
1125,皇冠,크라운
1126,皇族,황족
1127,黄宝石,토파즈
1128,黄风,황풍
1129,黄瓜,오이
1130,黄级,황급
1131,黄金VIP,골드 VIP
1132,黄金VIP.季度卡,골드VIP.분기카드
1133,黄金盒,황금상자
1134,黄金级,황금 레벨
1135,黄山,황산
1136,黄庭木,황정목
1137,黄桐,황동나무
1138,黄萧,황소
1139,黄子思,황자사
1140,凰元,황원
1141,煌圣神王,황골신왕
1142,煌羽鹊,황우작
1143,灰布,회포
1144,灰薮豹,회색 늪 표범
1145,灰吾,레코드
1146,辉耀,휘황
1147,回归礼包,복귀선물
1148,回廊,회랑
1149,回旋攻击,회전 공격
1150,回旋刃,회선인
1151,汇海,휘해
1152,会武币,대전화폐
1153,晦暗,어둡다
1154,喙尖爪利,날카로운 발톱
1155,昏刺,혼척
1156,婚车,웨딩카
1157,婚戒,결혼반지
1158,魂兵,혼병
1159,魂灯,혼등
1160,魂祭,혼제
1161,魂履,혼신발
1162,魂枢阵,혼추진
1163,魂语,혼어
1164,魂玉,혼옥
1165,混一,혼일
1166,活力之源,힘의 근원
1167,活菩萨,의선
1168,活跃宝箱,활약보물상자
1169,活跃度奖励,활약도 보상
1170,火辰,화진
1171,火防,화 방어
1172,火精,불의 정수
1173,火雷爆,화뢰폭
1174,火鳞石,화린석
1175,火龙果,핫팩
1176,火龙卷,화룡권
1177,火鸾,화란
1178,火绒酒,화융주
1179,火山,화산
1180,火生土,화생토
1181,火腾套,화등 세트
1182,火刑,화형
1183,火岩龟,화바위 거북이
1184,火眼金睛,예리한 안목
1185,火焰草,화염초
1186,火焰花,화염꽃
1187,火药桶,화약통
1188,火欲扇,화욕부채
1189,火云手,화운수
1190,火坠,화추
1191,货箱,화물상자
1192,霍渊,곽연
1193,击反,격반
1194,击杀榜,처치 랭킹
1195,击杀记录,처치 기록
1196,击杀数量,처치 수량
1197,击殇,격상
1198,积分榜,점수 랭킹
1199,积分段,점수 단계
1200,积怒,적노
1201,积蓄力量,힘 축적
1202,姬轩轩,희헌헌
1203,基础攻击,기본 공격
1204,基础技能,기본 스킬
1205,基础命中,기본 명중
1206,基础伤害,기본 피해
1207,基础设置,기본 설정
1208,基洛,치로
1209,畸变怪形,변이 몬스터
1210,箕水豹,기수표
1211,稽涛,계도
1212,激光,레이저
1213,羁绊技能,인연 스킬
1214,吉来观,길래관
1215,吉娜,지나
1216,吉田,하버드
1217,汲魂者,영혼을 거두는 자
1218,级宝石,레벨 보석
1219,级以上,레벨 이상
1220,极魅道,극매도
1221,极目,극목
1222,极圣,극성
1223,急救术,이머전시 에이드
1224,急先锋,급선봉
1225,疾奔,질주
1226,疾风,질풍
1227,疾风斩,질풍참
1228,疾风骤雨,비바람
1229,集训,훈련
1230,几线,몇 채널
1231,纪念碑,기념비
1232,技能,스킬
1233,技能NPC,스킬NPC
1234,技能槽,스킬 슬롯
1235,技能获取,스킬 획득
1236,技能伤害,스킬 피해
1237,技能书,스킬북
1238,技能说明,스킬 설명
1239,技能效果,스킬 효과
1240,季度卡,시즌권
1241,迹部,갓프리
1242,济世者,구원자
1243,祭品,제물
1244,祭月帖,달맞이
1245,寄居蟹,소라게
1246,稷灵坊,직영방
1247,鲫鱼,붕어
1248,加布,가브
1249,加农炮,캐넌포
1250,加特林,기관총
1251,加藤,사미르
1252,加油数,파이팅 수량
1253,家丁甲,하인 갑
1254,家具,가구
1255,家园村,가원촌
1256,甲地,갑지
1257,贾仁义,가인의
1258,假兴文,가흥문
1259,歼灼拳,섬작권
1260,坚冰,견빙
1261,坚不破,견부파
1262,剪纸,종이 공예
1263,建筑值,건축점수
1264,剑痴,검치
1265,剑齿虎,검치호
1266,剑客,검객
1267,剑来,검래
1268,剑湄,검미
1269,剑殇,검상
1270,剑圣,검성
1271,剑徒,검도
1272,剑舞,검무
1273,剑仙,검선
1274,剑冢,검총
1275,健壮期,건장기
1276,鉴刀,도의 위력 감정
1277,键山,진저
1278,箭阵,화살진
1279,江和山,강화산
1280,江可辛,강가신
1281,江余峰,강여봉
1282,江云,강운
1283,将臣,장신
1284,僵尸王,강시왕
1285,缰绳,고삐
1286,奖励展示,보상 표시
1287,降魔者,항마자
1288,交易记录,거래 기록
1289,郊外,교외
1290,蛟龙,교룡
1291,焦渴,갈망
1292,角斗场,격투장
1293,角弓,각궁
1294,角木蛟,각목교
1295,角色背包,캐릭터 가방
1296,角色战力,캐릭터 전투력
1297,脚都,각도
1298,教团,교단
1299,阶武器,급 무기
1300,劫囚者,탈옥자
1301,杰克逊,잭슨
1302,杰特,다리오
1303,结缔,결합
1304,结界,결계
1305,结晶体,장비 결정
1306,结野,휴잇
1307,解锋,해봉
1308,解散,해산
1309,戒律,계율
1310,芥火,셔먼
1311,界神,계신
1312,界圣,계성
1313,界冢,사라
1314,今吉,록산
1315,金霸勇,금패용
1316,金铲,사모
1317,金疮药,금창약
1318,金刚,금강
1319,金弓,황금 활
1320,金婚,결혼 50주년
1321,金葵花,해바라기
1322,金鲤鱼,금붕어
1323,金力,진
1324,金灵线,금령선
1325,金令牌,금령패
1326,金萝卜,금무우
1327,金秘书,금비서
1328,金牛座,황소자리
1329,金生水,금생수
1330,金穗,금술
1331,金梭,금사
1332,金腾,금등
1333,金童,금동
1334,金仙,금선
1335,金银花,금은화
1336,金玉满堂,금옥만당
1337,金钟护体,금종호체
1338,金子礼包,금화 선물
1339,锦鲲,금곤
1340,锦鲤,비단잉어
1341,锦绣,금수
1342,进 化,진 화
1343,进攻战,쟁탈전
1344,进行中,진행 중
1345,近击,근접 공격
1346,经玄,경현
1347,经验,경험치
1348,经验丹,경험단
1349,经验道具,경험치 아이템
1350,经验符文,경험치 룬
1351,经验果,경험과
1352,经验奖励,경험치 보상
1353,经验区,체험구역
1354,荆星宇,형성우
1355,惊鸿,경홍
1356,惊影,경영
1357,惊羽弓,음혈궁
1358,惊蛰,경칩
1359,晶能羽翼,크리스탈 결정
1360,晶玄铁,정현철
1361,精丹,정단
1362,精纺布,정방 천
1363,精炼属性,정련 속성
1364,精灵,정령
1365,精灵龙,정령용
1366,精灵族,엘프족
1367,精瘦肉,살코기
1368,井洪道,정홍도
1369,警卫兵,경비병
1370,净化石,정화석
1371,竞技pk、组队,"경기pk,  파티"
1372,靖泰山,정태산
1373,静离,정리
1374,静夜思,정야사
1375,境界丹,경지단
1376,镜像,미러
1377,九变,구변
1378,九环刀,구환도
1379,九龙枪,구룡창
1380,九圣,구성
1381,九天弓,구천궁
1382,九天扇,구천부채
1383,九尾,구미
1384,九锡扇,구석부채
1385,九香花,구향화
1386,九香丸,구향환
1387,九幽,구유
1388,九幽使,구유사
1389,九转丹,구전단
1390,酒瓶,술병
1391,酒坛,술단지
1392,酒妖君,주요군
1393,酒桌,술자리
1394,旧耳环,낡은 귀걸이
1395,旧物,옛 물건
1396,旧相识,낯익은 얼굴
1397,臼井,페리
1398,救故友,전우 구출
1399,救世之主,구세주
1400,救治伤员,부상자 치료
1401,就它了,바로 이거야
1402,鹫翼天翔,비상하는 독수리
1403,狙击手,저격수
1404,局内,전장 내
1405,菊花,국화
1406,菊丸,로렌
1407,矩形,직사각형
1408,巨鳄,거대 악어
1409,巨耳象,귀큰 코끼리
1410,巨匠,거장
1411,巨龙之魂,용의 혼
1412,巨龙之力,용의 힘
1413,巨阙,거궐
1414,巨砂熊,거대한 곰
1415,巨蛇,거대 뱀
1416,巨蟹座,게자리
1417,巨型蜘蛛,초대형거미
1418,剧情本,스토리 던전
1419,据点,거점
1420,飓浪行者,방랑자
1421,聚辉,광원
1422,聚灵丹,취령단
1423,捐献值,기부량
1424,卷云虎,권운 호랑이
1425,卷轴NPC,족자NPC
1426,抉择,선택
1427,觉圣,각성
1428,绝技栏,필살기칸
1429,绝品,절품
1430,绝圣,절성
1431,绝世神,절세신
1432,绝世英杰,영웅호걸
1433,绝影,절영
1434,军阀,군신
1435,军师,군사
1436,军团,군단
1437,军团长,군단장
1438,军械乙,무기 을
1439,军帐,막사
1440,君天剑,군천검
1441,君月,프레이야
1442,咖啡厅,카페
1443,卡牌,카드
1444,卡斯,카스
1445,开匣,개독
1446,开心果,재롱둥이
1447,凯勒,켈리
1448,铠甲残片,갑옷 조각
1449,铠猩,개성
1450,楷书,해서
1451,看世界,세계를 보기
1452,亢金龙,항금룡
1453,抗沉默,침묵저항
1454,抗甲,항갑
1455,抗锯齿,안티 앨리어싱
1456,抗浪鱼,항랑어
1457,抗魔,마법저항
1458,抗晕/抗眩晕,기절저항
1459,柯顿,코튼
1460,柯衡,가형
1461,柯基,코기
1462,柯南,노리스
1463,可交付,제출 가능
1464,可买,구매 가능
1465,可骑战,기마전투 가능
1466,可提供,제공 가능
1467,可薇,카비
1468,可驯服,길들이기 가능
1469,可预约,예약 가능
1470,克莱尔,클레어
1471,克洛,클로
1472,空波,배리
1473,空壳,빈껍데기
1474,空明大师BOSS,공명대사BOSS
1475,空木,나탈리
1476,空无,공무
1477,崆峒印,공동인
1478,孔雀,공작
1479,孔宣,공선
1480,恐怖花,네펜데스
1481,扣带,버클
1482,堀江,그레이엄
1483,骷髅鬼兵,해골병사
1484,库房总管/仓库管理员,창고 관리인
1485,夸父,과보
1486,快乐度,즐거움
1487,筷子,젓가락
1488,狂乱斩,광란참
1489,狂魔剑,광마검
1490,狂战BOSS技能,광전사 BOSS스킬
1491,狂战PVP技能,광전사PVP스킬
1492,矿车,광차
1493,矿晶,광정
1494,矿脉,광맥
1495,葵花籽,해바라기씨
1496,夔牛,기우
1497,傀儡boss技能,괴뢰 BOSS스킬
1498,傀儡boss普攻,괴뢰boss 일반공격
1499,傀儡魂,괴뢰혼
1500,昆仑,곤륜
1501,昆仑山,곤륜산
1502,昆吾,곤오
1503,鲲鹏羽,곤붕우
1504,困难难度,어려움 난이도
1505,拉鲁,에밋
1506,拉沃,도로시
1507,蜡烛,양초
1508,来宫,리디아
1509,来州洞,내주동
1510,莱利,라일리
1511,莱行道,내행도
1512,兰花妖,란화요
1513,兰浆,난장
1514,兰斯,엘리어트
1515,兰芝,란지
1516,岚缚,남박
1517,岚雪怪,남설괴
1518,岚云珠,남운주
1519,蓝队,청팀
1520,蓝罗叶,남라잎
1521,蓝莓,블루베리
1522,蓝色及以下,희귀 이하
1523,蓝色妖姬,푸른 요괴
1524,蓝血草,남혈초
1525,篮球,농구공
1526,揽妖笔,람요필
1527,烂苹果,썩은 사과
1528,狼奔,늑대
1529,狼毫笔,랑호필
1530,狼蚀枪,낭식창
1531,狼心,흉악한 마음
1532,狼印,낭인
1533,朗姆酒,럼
1534,劳模,느림보
1535,唠唠叨叨,잔소리
1536,老门主,노문주
1537,老奶奶,할머니
1538,老舍,노사
1539,老师早,"안녕하세요, 스승님."
1540,老医师,노의사
1541,老友记,친구 복귀
1542,老张,장씨
1543,乐斗币,오락화폐
1544,勒索信,협박 편지
1545,雷格,레이그
1546,雷鼓,드럼
1547,雷鸣,뇌명
1548,雷天虎,뇌천호
1549,雷希,레시
1550,雷炎,뇌염
1551,雷伊克特,레이트
1552,雷泽,뇌택
1553,雷震子,뇌진자
1554,冷淡,냉담
1555,冷锋,냉봉
1556,冷锋剑,냉봉검
1557,狸猫妖,타누키
1558,离魂切,이혼절
1559,离间,이간
1560,离睿,이예
1561,离战笔,이전필
1562,漓泉,이천
1563,黎明,여명
1564,礼包合集,선물세트
1565,礼花,꽃불
1566,礼金,축의금
1567,礼之道,예지도
1568,李白,이백
1569,李冰,이빙
1570,李耳,이이
1571,李靖,이정
1572,李士轩,이사헌
1573,李子,자두
1574,力劈华山,역벽화산
1575,力士,장사
1576,历练本,수련던전
1577,历练场,수련장
1578,立春,입춘
1579,立冬,입동
1580,立方体,큐브
1581,立夏,입하
1582,利攻,이공
1583,利雷,달라스
1584,利刃,칼날
1585,利特,케일
1586,利亚姆,리암
1587,荔枝,리치
1588,莉安,리안
1589,莉拉,리라
1590,莉兹,그레이그
1591,笠松,로빈
1592,连刺率,연속 찌르기 확률
1593,连环刀,연환도
1594,连环击,연속타격
1595,连环剑,연환검
1596,连环脚,연환각
1597,连环马,연배마
1598,连击拳,연격권
1599,连射,연사
1600,连牙裂,연아열
1601,连珠,연주
1602,怜悯,동정
1603,怜士,태너
1604,帘卷笙声寂,피리 소리
1605,莲心,연심
1606,莲座,연좌
1607,廉贞,염정
1608,镰刀,낫
1609,炼宝符,연보부
1610,恋爱中,연애 중
1611,良缘签,량연첨
1612,梁庆道,양경도
1613,梁曲boss技能,양곡 BOSS스킬
1614,梁曲boss普攻,양곡 boss일반공격
1615,两个字,2자
1616,撩切,요절
1617,聊斋,요재
1618,廖高远,요고원
1619,列德,애틀리
1620,烈齿鳄,열치악
1621,烈风爪,열풍조
1622,烈狂牛,열광우
1623,烈炎,열염
1624,烈焰兽boss技能,화염수 BOSS스킬
1625,烈焰兽boss普攻,화염수 boss일반공격
1626,烈阳,열양
1627,烈阳甲,열양갑
1628,猎场,사냥터
1629,猎喉箭,엽후전
1630,猎隼,사냥매
1631,裂冰斩,열빙참
1632,裂地击,열지격
1633,裂地箭,균열화살
1634,裂地拳,열지권
1635,裂伤,열상
1636,裂石拳,열석권
1637,林地氲气,숲의 기운
1638,林枫,임풍
1639,林潘boss技能,임반 BOSS스킬
1640,林潘boss普攻,임반 boss일반공격
1641,林佑杰,임우걸
1642,林中虎,림중호
1643,临时背包,임시 가방
1644,淋潇,장마
1645,琳达,린다
1646,麟火金,인화금
1647,麟焰,린염
1648,凛冬节,한겨울축제
1649,灵宝,영보
1650,灵刀,영도
1651,灵道珠,영도주
1652,灵动,영동
1653,灵符,영부
1654,灵罡,영강
1655,灵果,영과
1656,灵狐PVP技能,영호PVP스킬
1657,灵龛,영감
1658,灵鲲,령곤
1659,灵狼,영랑
1660,灵明道,영명도
1661,灵石,영석
1662,灵识,영식
1663,灵兽,영수
1664,灵兽皮,영수피
1665,灵璇,영선
1666,灵炎珠,영염주
1667,灵云,영운
1668,玲珑佩,영롱패
1669,铃木,이안
1670,凌北修,능북수
1671,凌气,능기
1672,凌霄,능소
1673,陵平洞,능평동
1674,领地战,영지전
1675,刘备,유비
1676,刘伯温,유백온
1677,刘珂,유가
1678,刘侠义,유협의
1679,刘协,유협
1680,留言板,게시판
1681,流畅,원활
1682,流渡,류도
1683,流光剑,유광검
1684,流金岁月,흐르는 세월
1685,流霞,유하
1686,流星枪,유성창
1687,流星雨,유성우
1688,流云舞,유운무
1689,琉璃虎,유리 호랑이
1690,琉璃瓶,유리병
1691,硫磺石,유황석
1692,鎏金坠,도금펜던트
1693,柳永,유영
1694,柳玉成,류옥성
1695,六层,6층
1696,六道,육도
1697,六道藏,육도장
1698,六耳boss技能,육이 BOSS스킬
1699,六耳boss普攻,육이 boss일반공격
1700,六根净,육근정
1701,六龙册,육용책
1702,六一,어린이날
1703,龙骨扇,용골부채
1704,龙晶珠,용정주
1705,龙鳞护体,용비늘
1706,龙炉,용로
1707,龙脉,용맥
1708,龙泉,용천
1709,龙泉枪,용천창
1710,龙神,용신
1711,龙神弓,용신궁
1712,龙神巨剑,용신의 검
1713,龙踏,용답
1714,龙逸,용일
1715,龙印,용인
1716,龙宇,용우
1717,龙渊,용연
1718,龙陨,용운
1719,龙战玄黄,용전
1720,龙众,나가
1721,龙珠,용주
1722,笼子,새장
1723,笼子钥匙,새장 열쇠
1724,卢风元,노풍원
1725,卢卡斯,루카스
1726,卢元白,노원백
1727,陆奥,마일라
1728,陆横,육횡
1729,陆宋,육송
1730,鹿boss技能,사슴 BOSS스킬
1731,鹿boss普攻,사슴boss일반공격
1732,禄星雨,녹성우
1733,路飞,머넌
1734,路哈,루하
1735,路珀特,로버트
1736,戮心,육심
1737,乱斗场,난투장
1738,乱中奇,난중기
1739,轮轨,윤궤
1740,轮脉,윤맥
1741,罗根,이글
1742,罗明镇,라명진
1743,罗萨,크리스
1744,罗瓦,피오나
1745,罗宣,나선
1746,萝拉,로라
1747,螺旋击,나선격
1748,螺旋拳,나선권
1749,螺旋斩,나선참
1750,洛特,클롭튼
1751,落日弓,낙일궁
1752,落英,낙영
1753,吕伯阳,여백양
1754,旅店,여관
1755,旅店老板,여관 주인
1756,绿松石,터키석
1757,滤 镜,필 터
1758,滤镜,필터
1759,麻袋,자루
1760,麻平山,마평산
1761,麻雀,참새
1762,麻薯,경단
1763,马鞭,채찍
1764,马草,말여물
1765,马车,마차
1766,马镫,등자
1767,马厩,마구간
1768,马老板,마사장
1769,玛丽,마리
1770,玛罗,에릭
1771,玛瑙,마노
1772,玛斯,에단
1773,玛希,매쉬
1774,买金币,금화 구매
1775,买路之财,통행료
1776,麦尔,도미닉
1777,曼奇尼,만치니
1778,曼陀罗,만다라
1779,曼珠,만주
1780,芒种,망종
1781,猫咪,고양이
1782,猫田,켄드라
1783,猫眼,캐츠아이
1784,毛太,모태
1785,毛毯,카펫
1786,茅场,구나
1787,茅盾,모순
1788,玫瑰花,장미꽃
1789,眉毛,눈썹
1790,梅利,오드리
1791,每日任务,일일퀘스트
1792,美妙的春季,아름다운 봄
1793,美人,미인
1794,美容,미용
1795,美味火鸡,맛있는 닭다리
1796,美味佳肴,맛있는 요리
1797,魅焰枪,매염창
1798,魅影法师,유령 마법사
1799,萌宠礼包,펫 패키지
1800,萌萌圈,몽몽권
1801,萌萌犬,시바견
1802,萌萌猪,꿀꿀이
1803,萌郁,옥슬리
1804,蒙蠃套,몽라 세트
1805,蒙洛,데보
1806,盟主令,맹주령
1807,猛兽,맹수
1808,孟志义,맹지의
1809,梦境呓语,잠꼬대
1810,梦梦,몽몽
1811,梦野,젠시아
1812,弥勒,패럿
1813,迷魂草,미혼초
1814,迷魂舞,미혼무
1815,迷雾,안개
1816,猕猴桃,키위
1817,米袋,쌀자루
1818,米尔,미르
1819,米迦勒,미카엘
1820,米酒,미주
1821,米库,콜린
1822,秘法裤,아케인 트라우저
1823,秘境专属定时BOSS,비경 전용 기한BOSS
1824,秘诀,비결
1825,秘密武器,비밀 무기
1826,秘室,밀실
1827,密林裤,포레스트 바지
1828,密林深处,숲 깊은 곳
1829,密宗裤,릴리전 트라우저
1830,蜜桃籽,복숭아 씨앗
1831,棉婚,결혼 2주년
1832,免费送VIP,VIP 무료 증정
1833,免控,반공
1834,面甲,면갑
1835,面然,면연
1836,面容,얼굴
1837,喵轰炸,묘굉작
1838,喵连击,묘연격
1839,苗刀,묘도
1840,苗斐,묘비
1841,秒杀弓,필살궁
1842,秒杀剑,필살검
1843,秒杀杖,필살지팡이
1844,灭毒丹,멸독단
1845,灭情使,멸정사
1846,灭世刀,멸세도
1847,灭世斩,멸세참
1848,名士,명사
1849,名医,명의
1850,明度,명도
1851,明河,명하
1852,明心,명심
1853,鸣海,젬마
1854,鸣极,명겁
1855,鸣人,네틀스
1856,鸣音,명음
1857,冥刀斩,명도참
1858,冥虎,명호
1859,冥魂,명혼
1860,冥魂弓,명혼궁
1861,冥加,폴
1862,冥土贼,명토적
1863,命理,명리
1864,命门,명문
1865,摩根,클로이
1866,摩羯座,염소자리
1867,摩天崖,마천애
1868,摩托车,오토바이
1869,磨剑石,마검석
1870,蘑菇,버섯
1871,魔暴熊,마폭웅
1872,魔兵,마병
1873,魔兵解,마병해
1874,魔尘,더스트
1875,魔刺猪,마척 돼지
1876,魔袋,주머니
1877,魔导师,마도사
1878,魔笛,마적
1879,魔法结界,마법 결계
1880,魔弓手,마궁수
1881,魔宫,마궁
1882,魔寒弓,마한궁
1883,魔猴,마후
1884,魔化岩,마귀 바위
1885,魔甲,마갑
1886,魔甲解,마갑해
1887,魔剑,마검
1888,魔戒,마력 반지
1889,魔寇,마구
1890,魔魁,마괴
1891,魔鳞,마린
1892,魔龙,마룡
1893,魔龙斩,마룡참
1894,魔仆,수하
1895,魔球,마법 구
1896,魔人化,악마화
1897,魔术,마술
1898,魔突,마돌
1899,魔王,마왕
1900,魔纹,마법룬
1901,魔像,골렘
1902,魔像崖BOSS,골렘절벽BOSS
1903,魔像崖退出场景buff,골렘절벽 맵 퇴장buff
1904,魔星花,마성화
1905,魔眼,마안
1906,魔音,마음
1907,魔音弓,마음궁
1908,魔涌,마력
1909,魔杖,마법지팡이
1910,魔宗,마종
1911,魔族先锋,마족선봉
1912,茉莉,자스민
1913,莫晗,막함
1914,莫吉托,모히토
1915,莫里斯,모리스
1916,莫逆,막역
1917,莫斯,모레스
1918,墨狄,묵적
1919,墨还笔,묵환필
1920,墨狐boss技能,묵호 BOSS스킬
1921,墨狐boss普攻,묵호 boss일반공격
1922,墨刃,묵인
1923,墨武镇,묵무진
1924,墨舞,묵무
1925,墨羽,묵우
1926,墨子,묵자
1927,默亡,묵망
1928,牡丹,모란
1929,木村,로즈
1930,木锋笔,목봉필
1931,木婚,결혼 5주년
1932,木简,목간
1933,木玲花,목령화
1934,木棉布,목면천
1935,木乃伊,미라
1936,木南瓜,애호박
1937,木神,나무의 신
1938,木生火,목생화
1939,木桶,나무통
1940,木头盔,목제 투구
1941,木婉婉,목완완
1942,木匣,나무갑
1943,木鸢,나무솔개
1944,木赠,목증
1945,木桩-BOSS,나무인형-BOSS
1946,目窗,목창
1947,苜蓿草,목숙초
1948,牧濑,제이드
1949,牧龙者,목용자
1950,慕松,모송
1951,那社,스웨일스
1952,奶油,크림
1953,奈落,페나
1954,奈薰,새먼
1955,耐寒草,내한초
1956,南枫似夏草,단풍나무
1957,南荒城,남황성
1958,南皇泽儿boss技能,남황택아 BOSS스킬
1959,南皇泽儿boss普攻,남황택아boss일반공격
1960,南极仙翁,남극선옹
1961,南林鹿,남림 사슴
1962,南美区,남미
1963,南拳,남권
1964,南松观,남송관
1965,难度,난이도
1966,难度八,난이도8
1967,难度二,난이도2
1968,难度九,난이도9
1969,难度六,난이도6
1970,难度七,난이도7
1971,难度三,난이도3
1972,难度四,난이도4
1973,难度五,난이도5
1974,难度一,난이도1
1975,楠树,남수
1976,楠树精,남수정
1977,呶恩,쇼트
1978,脑户,뇌호
1979,闹天,노천
1980,内罡,내강
1981,内功,내공
1982,内裤,속바지
1983,内门弟子,내부 제자
1984,嫩豆腐,순두부
1985,嫩青竹,푸른 대나무
1986,能量指引,힘의 인도
1987,能征善战,전투의 달인
1988,尼德霍格,니드호그
1989,尼克斯,닉스
1990,霓裳,예상
1991,你的酒,당신의 술
1992,逆鳞,역린
1993,鲇沢,하우드
1994,念咒师,주문사
1995,鸟叫,새소리 내는 중
1996,涅文,크리드
1997,宁兰观,영란관
1998,宁阳洞,저양동
1999,宁玉观,저옥관
2000,宁苑洞,영원동
2001,凝寒玉,응한옥
2002,凝神,응신
2003,凝星,응성
2004,牛郎织女,견우와 직녀
2005,牛头,우두
2006,牛小郎,우소랑
2007,农夫,농부
2008,浓情巧克力,사랑의 초콜릿
2009,怒炎,분노
2010,怒焰,노염
2011,暖炉,난로
2012,暖男,훈남
2013,诺多,노드
2014,诺亚,노아
2015,糯米,찹쌀
2016,女儿红,여아홍주
2017,女仆,메이드
2018,女强盗,여강도
2019,女神,여신
2020,女妖,요물
2021,女战士,여전사
2022,欧阳盛,구양성
2023,欧阳晓生boss技能,구양효생 BOSS스킬
2024,欧阳晓生boss普攻,구양효생boss일반공격
2025,欧洲区,유럽
2026,爬山,등산
2027,拍卖纪录,경매 기록
2028,排云掌,배운장
2029,盘古,반고
2030,盘河马,반하마
2031,盘昆峰,반곤봉
2032,盘龙,반룡
2033,磐龙刀,반용도
2034,磐石,반석
2035,蟠桃,반도
2036,庞弘boss技能,방홍 BOSS스킬
2037,庞弘boss普攻,방홍boss일반공격
2038,炮口,포문
2039,炮台,포대
2040,培根,베이컨
2041,裴霸忠,배패충
2042,裴大海,배대해
2043,沛关洞,패관동
2044,佩戴称号,칭호 장착
2045,盆栽,화분
2046,蓬莱,봉래
2047,披风,망토
2048,披萨,피자
2049,霹雳子,벽력자
2050,皮古,피고
2051,琵琶,비파
2052,匹配,매칭
2053,匹配中,매칭 중
2054,辟地,개벽
2055,辟邪扇,피사선
2056,偏斜,편향
2057,偏斜率,편향률
2058,偏洲镇,편주진
2059,飘渺,표묘
2060,品质分类,등급 분류
2061,平安树,평안수
2062,平川洞,평천동
2063,平鹤峰,평학봉
2064,平局,무승부
2065,苹果,사과
2066,瓶子,병
2067,破苍穹,파창궁
2068,破坏者,파괴자
2069,破甲弓,파갑궁
2070,破戒僧,파계승
2071,破禁符,파금부
2072,破军,파군
2073,破空吼,파공후
2074,破魔枪,파마창
2075,破仙刀,파선도
2076,葡萄汁,포도 주스
2077,葡萄籽,포도 씨앗
2078,普巢道,보소도
2079,普通道具,일반 아이템
2080,普通副本,일반 던전
2081,普通攻击1,일반공격1
2082,普通小怪,일반 몬스터
2083,瀑水咒,폭수주술
2084,七层,7층
2085,七宫,하모니
2086,七绝,칠절
2087,七日,7일
2088,七色绢,칠색비단
2089,七星,칠성
2090,期颐,기이
2091,齐浩服,제호
2092,齐乐镇,제악진
2093,奇门遁甲,기문둔갑
2094,奇缘任务,기연 퀘스트
2095,祈 神,소 원
2096,淇安观,기안관
2097,骑士,기사
2098,骑术大师,기마술 대사
2099,棋力值,기력치
2100,蕲华观,기화관
2101,麒麟,기린
2102,麒麟臂,기린팔
2103,麒麟牙,기린아
2104,启灵术,계영술
2105,启示,계시
2106,起刀式,기도식
2107,气功波,기공파
2108,气海,기해
2109,气合,기합
2110,气球,풍선
2111,气宗,기종
2112,器灵总等级,기령 총 레벨
2113,恰拉,칼럼
2114,千变万化,변화무쌍
2115,千层底,수공 신발
2116,千锋,천봉
2117,千纮,십턴
2118,千机盾,천궤순
2119,千金坠,천근추
2120,千军破,천군파
2121,千人斩,천인참
2122,千手观音,천수관음
2123,千涛乱,천도란
2124,千羽宫主,천우궁주
2125,谦卑之剑,겸손의 검
2126,前哨,전초
2127,乾坤,건곤
2128,乾坤宝珠,건곤보물
2129,乾坤点,건곤점수
2130,乾坤镜,건곤경
2131,乾坤圈,건곤권
2132,潜龙,잠룡
2133,浅层,얕은
2134,枪魂,창혼
2135,枪谱,창보
2136,枪宗,창종
2137,强哥,강가
2138,强化,강화
2139,强化材料,강화 재료
2140,强化大师,강화대사
2141,强力击,파워 스트라이크
2142,强弩,석궁
2143,强身术,강신술
2144,强袭者,습격자
2145,蔷薇,장미
2146,抢BOSS,BOSS쟁탈
2147,抢宝盗贼,보물 도둑
2148,抢手,인기 있는 한마음 자물쇠
2149,敲碎/砸开,깨기
2150,乔巴,나버
2151,乔伊斯,조이스
2152,巧取,교묘하게 획득
2153,巧事,교묘한 일
2154,巧手,교수
2155,切换至BOSS信息,BOSS정보로 변경
2156,切线,접촉
2157,窃听,엿듣는 중
2158,亲兵甲,근위병 갑
2159,亲兵乙,근위병 을
2160,秦绝义,진절의
2161,秦琼,진경
2162,琴渡,금도
2163,琴殇,금상
2164,勤俭持家,근검절약
2165,沁盾,침투
2166,青菜,청경채
2167,青岛,청도
2168,青灯鬼,청등귀
2169,青海,청해
2170,青虹刃,청홍인
2171,青花瓷,청화자기
2172,青花鱼,고등어
2173,青江,소사
2174,青卷,청권
2175,青龙,청룡
2176,青龙刀,청룡도
2177,青鸾,청난
2178,青梅竹马,죽마고우
2179,青冥,청명
2180,青魔人,청마인
2181,青牧草,여물
2182,青牛,청우
2183,青牛角,청우각
2184,青魄剑,청백검
2185,青崎,케일리
2186,青铜级,청동 레벨
2187,青鱼,청어
2188,青玉,청옥
2189,清和,청화
2190,清凉花,청량화
2191,清凉夏日,시원한 여름
2192,清明节,청명절
2193,清心丹,청심단
2194,蜻蛉,모라
2195,情人菇,애인 버섯
2196,情义帖,우정 증표
2197,情缘宝匣,인연 보물상자
2198,情缘值,인연치
2199,晴天宝宝,날씨 인형
2200,请准备,준비
2201,穷奇,궁기
2202,穷奇boss技能,궁기 BOSS스킬
2203,穷奇boss普攻,궁기boss일반공격
2204,穷求BOSS护盾,BOSS방패 요청
2205,丘甲蛇,구갑사
2206,丘络,구락
2207,秋叶,재스퍼
2208,蚯蚓,지렁이
2209,裘白衣,구백의
2210,曲驳套,곡박 세트
2211,曲丰道,곡풍도
2212,驱毒散,구독산
2213,驱魔,구마
2214,驱殇,구상
2215,驱尸烟,구시연
2216,屈从,굴복
2217,祛毒草,거독초
2218,去购买,구매하러 가기
2219,去宴席,연회 가기
2220,去游街,결혼행진 가기
2221,权田,프랑코
2222,全服记录,전서버 기록
2223,全系,[공용]
2224,拳谱,권보
2225,确定与,사부 혹은 제자
2226,群魔恸殇,군만
2227,群星,네뷸라
2228,冉虎,염호
2229,染毒图,염독그림
2230,扰敌,우적
2231,人参茶,인삼차
2232,人图腾,인 토템
2233,人仙,인선
2234,仁太,포
2235,仁王令,인왕령
2236,仁心,인심
2237,仁之道,인지도
2238,任何种族,모든 종족
2239,任务道具,퀘스트 아이템
2240,任务奖励,퀘스트 보상
2241,任务名称,퀘스트 이름
2242,任务目标,퀘스트 목표
2243,韧之魂,인의 혼
2244,扔飞镖,표창 던지기
2245,日轮,일륜
2246,日期时间,일자
2247,日妖月狂,일광
2248,日耀,일요
2249,日野,프림
2250,荣纯,스완
2251,荣光,영광
2252,荣耀仙,명예
2253,荣誉值,명예치
2254,熔魔,용마
2255,熔石,용석
2256,熔岩巨人,용암 거인
2257,融灵丹,융령단
2258,柔道,유도
2259,肉排,스테이크
2260,如樱鹿,꽃사슴
2261,儒家,노가
2262,入魔者,입마자
2263,入侵者,침입자
2264,阮上星,완상성
2265,软毛皮,털가죽
2266,瑞尔,리엘
2267,瑞吉尔,레이첼
2268,瑞香,서향
2269,萨卡,사카르
2270,萨缪尔,사무엘
2271,赛程表,일정표
2272,三叉戟,삼지창
2273,三儿,삼아
2274,三宫,가브리엘
2275,三皇文,삼황문
2276,三进兵,삼진병
2277,三连拳,삼연권
2278,三生菇,삼생버섯
2279,三生三世,삼생삼세
2280,三生石,삼생석
2281,三天前,3일 전
2282,三文鱼,연어
2283,三转邪,3차 사파 전직
2284,三转正,3차 정파 전직
2285,散弹箭,산탄화살
2286,散辉,산휘
2287,散魂笔,산혼필
2288,桑尼,소니
2289,扫六合,타육합
2290,色妖,호색요괴
2291,瑟拉,카렌
2292,森川,오스본
2293,森友,소어
2294,杀气,살기
2295,杀人数,처치 수
2296,沙匪兵,비적 병사
2297,沙海,사막
2298,沙华,사화
2299,沙漏,모래시계
2300,沙弥,사미
2301,沙漠毒蝎,사막독전갈
2302,砂岩熊,사암웅
2303,煞鬼,살귀
2304,煞影,살영
2305,山顶公,산정공
2306,山乐洞,산락동
2307,山夕寺,산석사
2308,山岳,산악
2309,山贼,산적
2310,山寨,산채
2311,山治,내시
2312,珊瑚婚,결혼 35주년
2313,闪避,회피
2314,闪避几率,회피 확률
2315,闪避率,회피율
2316,闪电刀,섬전도
2317,扇形范围,부채꼴 범위
2318,善恶模式,선악 모드
2319,善缘值,선연점수
2320,伤别离,상별리
2321,伤兵,부상병
2322,伤害豁免,피해 면역
2323,伤害量,피해량
2324,殇常殿,상상전
2325,殇浮宫,상부궁
2326,殇华裂,상화열
2327,殇离宫,상리궁
2328,殇明殿,상명전
2329,殇阳殿,상양전
2330,殇玥宫,상모궁
2331,商场中,백화점
2332,商旗,상로 깃발
2333,商人,상인
2334,商王巨贾,거상
2335,赏花,꽃구경
2336,赏金副本,상금 던전
2337,赏金猎人,상금사냥꾼
2338,上 阵,출 전
2339,上船,승선
2340,上等木料,고급 목재
2341,上古时代,상고시대
2342,上古之神,고대의 신
2343,上海,상해
2344,上昊,상호
2345,上架物品,아이템 등록
2346,上期奖励,지난 보상
2347,上尉,대위
2348,上星,상성
2349,勺子,숟가락
2350,少昊,소호
2351,少将,소장
2352,少量伤害,적은 피해
2353,少年意,소년시대
2354,少尉,소위
2355,少星,소성
2356,蛇剑,사검
2357,蛇舞,뱀
2358,蛇牙刃,사아인
2359,蛇焰套,사염 세트
2360,蛇影,사영
2361,蛇珠,사주
2362,蛇柱,뱀기둥
2363,舍利,사리
2364,射手座,궁수좌
2365,摄魂刀,섭혼도
2366,摄像机,카메라
2367,麝香,사향
2368,身法,신법
2369,深渊刀,심연도
2370,神臂弓,신비궁
2371,神兵,신병
2372,神兵攻击,신병 공격
2373,神兵幻化,신병 변신
2374,神道,신도
2375,神灯,신등
2376,神殿,신전
2377,神殿圣女(随机BOSS),신전성녀(랜덤BOSS)
2378,神恩,신은
2379,神防,신병방어
2380,神风,신풍
2381,神皇,신황
2382,神剑,신검
2383,神降,강림
2384,神君,신군
2385,神来斩,신래참
2386,神雷卫,신뢰위
2387,神秘的宝箱,신비한 상자
2388,神秘男子,신비한 남자
2389,神魔,신마
2390,神农,신농
2391,神魄,신백
2392,神魄弓,신백궁
2393,神崎,존
2394,神器副本boss,신기던전boss
2395,神器强化,신기 강화
2396,神器值,신물도
2397,神如洞,신여동
2398,神圣风暴,신성 폭풍
2399,神兽,신수
2400,神田,아이비
2401,神偷,신도 석천
2402,神王,신왕
2403,神王殿,신왕전
2404,神纹强化,문양 강화
2405,神邪道,신사도
2406,神行,신행
2407,神选者,신의 사자
2408,神谕弓,신유궁
2409,神愈圣灵,신유
2410,神祝,신축
2411,神族,신족
2412,神尊,신존
2413,沈富,심복
2414,审问,심문
2415,升星石,승급석
2416,生命神兵,생명 신병
2417,生命神兵石,생명신병석
2418,生命之息,생명의 기운
2419,声波,음파
2420,省电,절전
2421,圣诞帽,크리스마스 모자
2422,圣诞雪橇,크리스마스 썰매
2423,圣光盾,신성한 빛의 방패
2424,圣甲,성갑
2425,圣力,신성한 힘
2426,圣品,성품
2427,圣骑,성기사
2428,圣神,성신
2429,圣升boss技能,성승 BOSS스킬
2430,圣升boss普攻,성승 boss일반공격
2431,圣兽,성수
2432,圣树,성목
2433,圣速,빛의 속도
2434,圣台,성대
2435,圣堂,성당
2436,圣天扇,성천부채
2437,圣天使,성천사
2438,圣言者,성인
2439,圣御,신의 보호
2440,圣者弓,성자궁
2441,圣尊,성존
2442,胜负奖,승부 보상
2443,胜生,하몬
2444,盛夏节,한여름축제
2445,尸鬼,시귀
2446,尸魔,시마
2447,失魂,실혼
2448,师妹,사매
2449,师祖,사조
2450,师尊,사존
2451,诗经,시경
2452,诗诗,시시
2453,狮吼,사후
2454,狮子座,사자자리
2455,十连抽,10연차
2456,十美图,십미도
2457,十字爪,십자조
2458,石板,석판
2459,石灯,석등
2460,石肤,석부
2461,石关,석소
2462,石诡,석궤
2463,石矶,석기
2464,石雷,석뢰
2465,石榴石,가넷
2466,石蕗,레이건
2467,石器时代,석기 시대
2468,石田,페이즐리
2469,石像鬼,가고일
2470,石阳峰,석양봉
2471,石雨,돌비
2472,石中天,석중천
2473,时房,레이
2474,时空,시공
2475,时装,코스튬
2476,食材,식재료
2477,食品箱,음식 상자
2478,食肉花,식육화
2479,食尸者,탐식자
2480,蚀天扇,식천선
2481,矢坂,플라워
2482,矢雾,케이시
2483,矢志,시지
2484,使者,사자
2485,士兵乙,사병 을
2486,士官,사관
2487,世交,세교
2488,世界NPC,월드NPC
2489,世界杯,월드컵
2490,世界精英,필드 보스
2491,世界历练,의뢰
2492,市区,도시
2493,势力炼气-神纹boss,길드 기 단련-문양boss
2494,侍龙者,시용자
2495,试穿,입어보기
2496,试炼BOSS,시련BOSS
2497,试炼币,시련 주화
2498,试炼长老boss技能,시련장로 BOSS스킬
2499,柿饼,곶감
2500,柿子,감
2501,逝芳华,서화
2502,弑君者,국왕시해자
2503,弑魔刀,시마도
2504,弑神,살신
2505,弑神弓,살신궁
2506,释因生,석인생
2507,嗜血狼,흡혈늑대
2508,筮数,서수
2509,噬魂者,소울이터
2510,噬魔,서마
2511,噬魄枪,서백창
2512,收藏家,수집가
2513,收购价,구매 가격
2514,手擀面,수타면
2515,手婚,결혼 7주년
2516,手续费,수수료
2517,手艺人,수예인
2518,手冢,카일리
2519,手镯,팔찌
2520,守护榜,수호랭킹
2521,守护旗帜,깃발 수호
2522,守护者,수호자
2523,守护者boss技能,수호자 BOSS스킬
2524,守护者boss普攻,수호자 boss일반공격
2525,守护值,수호치
2526,守墓人,무덤지기
2527,守山人,산지기
2528,守尸鬼,수시귀
2529,守卫队长,수위대장
2530,首冲赠,첫 충전 증정
2531,首饰灵玉,장신구 영옥
2532,狩猎裤,사냥꾼의 바지
2533,狩猎帽,사냥꾼의 가죽모자
2534,兽人,오크
2535,兽人战士,오크 전사
2536,书包,책가방
2537,书童,시동
2538,梳妆台,화장대
2539,舒血草,서혈초
2540,熟练度,숙련도
2541,熟识,익숙
2542,属性石,속성석
2543,属性总览,속성 전체보기
2544,鼠族,렛맨
2545,树是啥,나무가 뭐야
2546,树衣,수의
2547,帅小哥,멋쟁이
2548,双轮转,쌍륜전
2549,双人,2인
2550,双鱼座,물고기자리
2551,双子座,쌍둥이자리
2552,霜寒铁,상한철
2553,霜凝草,상응초
2554,霜银,상은
2555,水沧套,수창 세트
2556,水草,수초
2557,水毒玉,수독옥
2558,水观,수관
2559,水金,수금
2560,水晶攻击,수정 공격
2561,水晶婚,결혼 15주년
2562,水晶矿,수정광
2563,水晶商城,수정 상점
2564,水精,물의 요정
2565,水灵使者,수령사자
2566,水龙卷,수룡권
2567,水龙鳞,수룡린
2568,水漫,수만
2569,水母,수모
2570,水瓶座,물병자리
2571,水树,러셀
2572,水息断,수식단
2573,水瑶,수요
2574,水影,수영
2575,水月剑,수월검
2576,水泽,피비
2577,顺劈斩,순벽참
2578,瞬步,순간이동
2579,司空月,사공월
2580,丝绸,비단
2581,丝婚,결혼 12주년
2582,丝萝,사나
2583,私兵,사병
2584,斯科特,스콧
2585,斯兰,램지
2586,斯坦雷,스탠리
2587,斯特拉,스텔라
2588,斯图亚特,스튜어트
2589,斯威夫特,스위프트
2590,死神,사신
2591,死神之镰,사신의 낫
2592,四海皆兄弟,사해형제
2593,四面楚歌,사면초가
2594,四象,사상
2595,四叶草,네잎클로버
2596,四肢,사지
2597,四转,4차
2598,四转邪,4차 사파 전직
2599,四转正,4차 정파 전직
2600,寺律,심즈
2601,松安坊,송안방
2602,松片,송편
2603,松山府,송산부
2604,松塔,솔방울
2605,宋霸仁,송패인
2606,宋慈,송자
2607,宋枭,송효
2608,宋应星,송응성
2609,宋元,송원
2610,送参汤,인삼탕 선물
2611,送酒,술 배달
2612,颂道诀,송도결
2613,搜寻中,찾는 중
2614,苏生,소생
2615,苏轼,소식
2616,素素,소소
2617,宿海,조비타
2618,粟楠,켈스
2619,蒜利民,산리민
2620,随机事件,랜덤 이벤트
2621,碎角银,은 조각
2622,碎片,조각
2623,碎石,자갈
2624,碎石堆,자갈 더미
2625,碎心拳,쇄심권
2626,碎渔网,낡은 어망
2627,燧人,수인
2628,孙霸义,손패의
2629,孙三娘,손삼랑
2630,孙悟空,손오공
2631,所泽,숀
2632,索菲亚,소피아
2633,索魂鞭,탐혼편
2634,索隆,헨리
2635,索命剑,색명검
2636,锁链,체인
2637,塔克,브론슨
2638,塔塔,타타
2639,拓武,색스비
2640,踏冰碎雪,얼음과 눈
2641,踏地象,답지상
2642,踏花,답화
2643,踏誓者,맹세
2644,踏云虎,답운호
2645,太初,태초
2646,太极,태극
2647,太极图,태극도
2648,太平经,태평경
2649,太上老君,태상노군
2650,太岁,태세
2651,太虚甲,태허갑
2652,太玄经,태현경
2653,太乙,태을
2654,太阴,태음
2655,太月扇,태월부채
2656,泰山,태산
2657,贪狼屠,탐랑도
2658,谭才,담재
2659,谭娜,타나
2660,探险者,탐험가
2661,唐棠,당당
2662,唐仪,당의
2663,糖婚,결혼 6주년
2664,躺下,눕기
2665,涛兵,도병
2666,桃花酿,도화주
2667,桃花扇,도화부채
2668,桃花妖,도화요
2669,桃井,로완
2670,桃李证,도이증
2671,桃矢,쇼
2672,桃树精,도수정
2673,桃子,복숭아
2674,陶二,도이
2675,陶梦羲,도몽희
2676,陶器婚,결혼 9주년
2677,陶诗诗,도시시
2678,陶月天,도월천
2679,陶朱公,도주공
2680,套装,세트
2681,套装石,세트석
2682,套装属性,세트 속성
2683,特惠宝箱,특혜상자
2684,特蕾莎,테레사
2685,特有花,특이한 꽃
2686,藤井,미아
2687,藤隆,샤프
2688,提灵,제령
2689,体积,체적
2690,体验VIP卡,VIP체험권
2691,天蚕布,천잠포
2692,天蚕丝,천잠사
2693,天草,커크
2694,天秤座,천칭자리
2695,天冲,천충
2696,天刺,천척
2697,天地剑,천지검
2698,天帝,천제
2699,天符,천부
2700,天罡,천강
2701,天罡卫,천강위
2702,天工石,천공석
2703,天宫,천궁
2704,天鼓,천고
2705,天官,천관
2706,天狐,천호
2707,天魁,천괴
2708,天狼弓,천랑궁
2709,天雷珠,천뢰주
2710,天龙,천룡
2711,天命剑,천명검
2712,天命石,천명석
2713,天魔,천마
2714,天怒仙,천노
2715,天阙,천문
2716,天人剑,천인검
2717,天神,천신
2718,天帅,천수
2719,天水城,천수성
2720,天王,천왕
2721,天威,천위
2722,天武,천무
2723,天香,천향
2724,天蝎座,전갈자리
2725,天心,천심
2726,天心儿,천심아
2727,天星,천성
2728,天琊,천야
2729,天眼术,천안술
2730,天演,천연
2731,天耀,천요
2732,天铘枪,천야창
2733,天一仙,천일
2734,天衣,천의
2735,天弈拳,천혁권
2736,天谕,천유
2737,天战,천전
2738,天诛枪,천주창
2739,添乱,성가심
2740,田老忌,전노기
2741,甜点,디저트
2742,甜甜蜜蜜,알콩달콩
2743,甜甜圈,도너츠
2744,挑 战,도 전
2745,挑战信,도전장
2746,跳砍,도약 찍기
2747,跳跳蛙,개구리
2748,跳抓,도조
2749,贴身车,첩신차
2750,铁壁,철벽
2751,铁布衫,철포삼
2752,铁铲,삽
2753,铁蒺藜,가시철
2754,铁脊弓,철척궁
2755,铁甲战士,철갑전사
2756,铁匠铺,대장간
2757,铁矿,철광
2758,铁兰,철란
2759,铁罗汉,철나한
2760,铁牛,철소
2761,铁山靠,철산고
2762,铁头盔,철제 투구
2763,铁小寒,철소한
2764,铁胸甲,철제 흉갑
2765,铁血,철혈
2766,亭侯,정후
2767,通风报信,내통
2768,通谷,통곡
2769,通后寨,마지막 지역 돌진
2770,通魂丸,통혼환
2771,通络散,통락산
2772,通行证,통행증
2773,通幽境,통유경
2774,同甘苦,동감고
2775,同心结,동심결
2776,桐谷,그레이슨
2777,桐生,제이니
2778,桐阳道,동양도
2779,桐原,놀란
2780,铜钱草,동전초
2781,铜墙,동장
2782,瞳暝,동명
2783,偷猎者,밀렵꾼
2784,头带,머리띠
2785,头骨,머리뼈
2786,透骨针,투골침
2787,凸守,하퍼
2788,图鉴,도감
2789,图鉴卡,도감카드
2790,图纸,도면
2791,涂毒,독 바르기
2792,涂蜂蜜,벌꿀 바르기
2793,屠龙刀,도룡도
2794,屠龙者,도용자
2795,土生金,토생금
2796,土石熊,토석웅
2797,土影,토영
2798,土元素,땅의 원소
2799,团员,단원
2800,推销,판로 확장
2801,吞破枪,탄파창
2802,托尼,오스틴
2803,驼云,타운
2804,外甲,외갑
2805,外交官,외교관
2806,外门弟子,외문제자
2807,完骨,완골
2808,万剑归宗,만검귀종
2809,万绝扇,만절부채
2810,万灵点,문양 포인트
2811,万灵纹,문양
2812,万寿阁,만수각
2813,万兽铃,만수령
2814,万兽之王,만수의 왕
2815,亡魂刃,망혼인
2816,亡灵法师,망령 마법사
2817,亡灵军马,언데드
2818,王禅,왕선
2819,王储,왕자
2820,王大师,왕대사
2821,王钢蛋,왕강단
2822,王权,왕의 시종
2823,王炎boss技能,왕염 BOSS스킬
2824,王炎boss普攻,왕염boss일반공격
2825,王重阳,왕충양
2826,王座,왕좌
2827,往生,왕생
2828,忘情草,망정초
2829,忘忧草,망우초
2830,望远镜,망원경
2831,望月亭,망월정
2832,威赫,위풍
2833,威胁信,협박편지
2834,微量,극소량
2835,薇恩,코너
2836,围棋,바둑
2837,维尼,비니
2838,尾风,미풍
2839,尾火虎,미화호
2840,梶井,제이든
2841,卫思云,위사운
2842,未触发,미발동
2843,未揭示,미알림
2844,未精纺,공방필요
2845,未领悟,미터득
2846,未确认,미확인
2847,未探索,미탐색
2848,未遇到,미발견
2849,尉官,위관
2850,喂食,먹이기
2851,魏青,위청
2852,温菁菁,온청청
2853,温叔,온숙
2854,问卷,설문조사
2855,问心,문심
2856,我方水晶,아군 수정
2857,我好饿,배고파요
2858,沃尔什,월시
2859,沃夫,도노반
2860,沃克,워커
2861,沃奇,댄디
2862,卧龙,와룡
2863,巫凤尾,무봉미
2864,巫邪,무사
2865,巫月,무월
2866,呜海,페이지
2867,诬陷,모함
2868,无敌刀,무적도
2869,无根果,무근과
2870,无恨,무한
2871,无情报,정보없음
2872,无情剑,무정검
2873,无视他,무시하기
2874,无视物防,물리방어 무시
2875,无双剑,무쌍검
2876,无相,무상
2877,无相诀,무상결
2878,无学果,무학과
2879,无用之物,무용지물
2880,无忧城,무우성
2881,无种族,종족 없음
2882,梧桐木,오동나무
2883,蜈蚣,지네
2884,五彩石,오채석
2885,五毒珠,오독주
2886,五连抽,5연차
2887,五色铁,오색철
2888,五枢,오추
2889,五行,오행
2890,武霸,무패
2891,武藏,무장
2892,武帝组,무제 파티
2893,武斗币,전장화폐
2894,武罡,무강
2895,武功栏,무공란
2896,武皇,무황
2897,武皇组,무황 파티
2898,武魂,무혼
2899,武魂材料,무혼 재료
2900,武魂道具,무혼 아이템
2901,武魂强化,무혼 강화
2902,武空,무공
2903,武林盟主,무림 맹주
2904,武魔,무마
2905,武器灵玉,무기영옥
2906,武僧,무승
2907,武松,무송
2908,武威,무위
2909,武勋,무훈
2910,武院,무원
2911,武运,무운
2912,武尊,무존
2913,舞蛇笔,무사필
2914,舞蛇人,무사인
2915,物品名称,아이템 이름
2916,物资箱,물자상자
2917,误会,오해
2918,雾灵珠,무령주
2919,雾隐,매디슨
2920,西红柿,토마토
2921,西漠城,서막성
2922,西岐,서기
2923,西施,서시
2924,西这里,여기가 서쪽
2925,吸蓝,MP 흡수
2926,吸血蝙蝠,흡혈박쥐
2927,息柘洞,식자동
2928,犀牛,코뿔소
2929,锡婚,결혼 10주년
2930,熙若,희야
2931,蜥蜴族,사우리안
2932,洗净,세정
2933,洗髓丹,세수단
2934,喜鹊,까치
2935,戏水,물놀이
2936,系统道具,시스템 아이템
2937,系统消息,시스템 메시지
2938,侠客岛,협객도
2939,侠义令,협의령
2940,侠义值,의협치
2941,侠之道,협지도
2942,峡谷,협곡
2943,下级效果,다음 레벨 효과
2944,下水道,하수도
2945,下一幅,다음 스토리
2946,下一阶段,다음 단계
2947,夏侯霸,하후패
2948,夏小叶,하소협
2949,仙岛,신선도
2950,仙帝,선제
2951,仙府,선부
2952,仙阁,선각
2953,仙攻,선공
2954,仙界,선계
2955,仙灵,선령
2956,仙灵技能,펫 스킬
2957,仙灵养成包,펫 육성팩
2958,仙盟,선계 연맹
2959,仙命,선명
2960,仙女,선녀
2961,仙器,무기
2962,仙禽,신가
2963,仙人NPC,선인NPC
2964,仙师,선인
2965,仙索,로프
2966,仙桃,선도
2967,仙童,선동
2968,仙侠抄,선협초
2969,仙药,선약
2970,仙翼,선익
2971,仙音笛,선음피리
2972,仙珠,선주
2973,先锋靴,선봉대의 신발
2974,鲜鱼,생선
2975,闲置中,설정 가능
2976,贤德令,현덕령
2977,贤天坊,현천방
2978,贤者之智,현자의 지혜
2979,弦飞,현비
2980,限时礼包,한정 선물
2981,相随之戒,경계
2982,香橙,등자나무
2983,香瓜,참외
2984,香蕉船,바나나 배
2985,香叶,월계수잎
2986,香子兰,바닐라
2987,湘裙,상군
2988,襄阳城,양양성
2989,祥源,상원
2990,项莱,명아주
2991,项链,목걸이
2992,项羽,항우
2993,象肉,코끼리 고기
2994,象牙婚,결혼 14주년
2995,橡胶树,고무나무
2996,橡皮,지우개
2997,逍遥丹,소요단
2998,萧景天,소경천
2999,小白龙,소백룡
3000,小不点,꼬맹이
3001,小丑,조커
3002,小翠,소취
3003,小呆,바보
3004,小毒人,소독인
3005,小毒珠,소독주
3006,小贩,소상인
3007,小狗,강아지
3008,小龟赛跑,거북이 경주
3009,小果盘,작은 모듬과일
3010,小狐狸,작은 여우
3011,小护符,작은 탈리스만
3012,小花,꽃
3013,小浣熊,라쿤
3014,小僵尸,소형 꼭두각시
3015,小老妹,여동생
3016,小礼盒,작은 선물
3017,小利比,리비
3018,小龙虾,가재
3019,小满,소만
3020,小米,샤오미
3021,小善,소선
3022,小石堆,돌무더기
3023,小时前,시간 전
3024,小厮,어린 하인
3025,小亭,정자
3026,小歪,퍼그
3027,小医仙,소의선
3028,小竹,소죽
3029,小柱,소주
3030,小篆,소전
3031,晓月狐,효월호
3032,筱宫,아이작
3033,篠原,헤빈
3034,孝雄,닐
3035,肖大强,초대강
3036,校官,영관
3037,笑傲江湖,소오강호
3038,笑剑刀,소검도
3039,笑面,모트
3040,啸风虎,소풍호
3041,邪寒使,사한사
3042,邪祭,사악한 제사장
3043,邪灵剑,사령검
3044,邪龙,사룡
3045,邪神,악신
3046,邪尸,사악시체
3047,邪术,사술
3048,邪王,사왕
3049,邪烟,연기
3050,邪云洞,사운동
3051,邪尊使,사존사
3052,卸羽,정우
3053,谢耳顿,사이돈
3054,谢康公,사강공
3055,谢烟客,사연객
3056,心法,심법
3057,心法能量,심법 에너지
3058,心法书,심법서
3059,心景,심경
3060,心决,심결
3061,心魔,심마
3062,新川,해들리
3063,新春红包,새해 보너스
3064,新服,신규 서버
3065,新郎,신랑
3066,新年boss,새해boss
3067,新年武器,새해 무기
3068,新属性,신규속성
3069,新芽,새싹
3070,新月剑,신월검
3071,信标,표지
3072,信奉者,신봉자
3073,信仰者,신자
3074,信仰之力,신앙의 힘
3075,信之道,신지도
3076,星辰石,성진석
3077,星碟,우주선
3078,星光琴,별빛 악기
3079,星光箱,별빛상자
3080,星轨,궤도
3081,星河砂,성하사
3082,星魂,성혼
3083,星魂属性,성혼 속성
3084,星坚,성견
3085,星空光芒,별하늘
3086,星期二,화요일
3087,星期三,수요일
3088,星期四,목요일
3089,星期五,금요일
3090,星期一,월요일
3091,星矢,프라임
3092,星霜玉,성상옥
3093,星梭,스타 파이크
3094,星耀天,성요천
3095,星玉,성옥
3096,星陨,성운
3097,星阵,성진
3098,刑天,형천
3099,行军,행군
3100,行力,행동력
3101,行魇,행염
3102,醒神汤,성신탕
3103,杏林医,행림의
3104,杏子,시콜
3105,幸福树,행복수
3106,幸高,팰프리
3107,幸平,제이시
3108,幸运草,클로버
3109,幸运符,행운 부적
3110,雄霸天下,웅패천하
3111,熊肉,곰 고기
3112,休闲娱乐,오락
3113,修罗鬼帅boss技能,수라귀사 BOSS스킬
3114,修罗鬼帅boss普攻,수라귀사boss일반공격
3115,修士,수사
3116,朽杉脉,후삼맥
3117,绣球,수구
3118,虚泛,허범
3119,虚防,허방
3120,虚空幻灵boss技能,허공환영 BOSS스킬
3121,虚空之门,공허의 문
3122,虚危,허위
3123,许愿墙,소원벽
3124,序章,프롤로그
3125,续 费,연 장
3126,续命,연명
3127,轩禹,헌우
3128,玄冰玉,현빙옥
3129,玄符属性,부적 속성
3130,玄光石,현광석
3131,玄海,현해
3132,玄火参,현화삼
3133,玄级,현급
3134,玄剑,현검
3135,玄灭,현멸
3136,玄冥枪,현명창
3137,玄铁,현철
3138,玄铁矿,현철광
3139,玄武,현무
3140,玄武诀,현무결
3141,玄武枪,현무창
3142,玄仙,현선
3143,玄阴,현음
3144,玄阴甲,현음갑
3145,玄奘,현장
3146,玄阵境,현진경
3147,悬棺刀,현관도
3148,悬灵草,현령초
3149,悬赏币,현상금 주화
3150,悬赏人,현상인
3151,悬枢,현추
3152,悬钟,현종
3153,旋风斩,선풍참
3154,旋龟boss技能,회전거북 BOSS스킬
3155,旋转击,선회공격
3156,选关,선택 닫기
3157,穴虎,혈호
3158,雪毒人,설독인
3159,雪毒珠,설독주
3160,雪剑客,북해검객
3161,雪梨,배
3162,雪莲,설련
3163,雪莲丸,설련환
3164,雪灵花,설령화
3165,雪柳,설유
3166,血封侯,혈봉후
3167,血符笔,혈부필
3168,血河剑,혈하검
3169,血魂弓,혈혼궁
3170,血剑,혈검
3171,血晶,혈정
3172,血酒魔,혈주마
3173,血枯咒,혈고주
3174,血龙木,혈용목
3175,血路,혈로
3176,血罗刹,혈라찰
3177,血魔,혈마
3178,血魔洞,혈마동
3179,血魔剑,혈마검
3180,血牛,혈우
3181,血契枪,혈계창
3182,血刃飞,혈인비
3183,血煞剑,혈살검
3184,血涛刀,혈도도
3185,血仙扇,혈선부채
3186,血牙,혈아
3187,血吟刀,혈금도
3188,血钻,혈찬
3189,寻宝道具,소환 아이템
3190,寻宝客,보물사냥꾼
3191,寻符,부적 찾기
3192,寻剑,검찾기
3193,寻龙,용 찾기
3194,巡查镜,순찰경
3195,巡河车,순하차
3196,讯影,그림자
3197,迅身,속공
3198,迅影,신영
3199,押金,보증금
3200,崖血苔,애혈태
3201,哑阎王,아염왕
3202,雅典娜,아테나
3203,亚尔,벨라
3204,亚连,오턴
3205,亚洲区,아시아 지역
3206,腌牛肉,절인 소고기
3207,延动,연동
3208,延邱山,연구산
3209,延维,연유
3210,言峰,할리
3211,岩毒龟,바위 독 거북이
3212,岩龟,바위 거북이
3213,岩户,스터키
3214,岩晶豹,암정표
3215,岩咲,조지
3216,岩熊,바위 곰
3217,岩羊肉,들양고기
3218,炎爆,화염폭발
3219,炎藏,염장
3220,炎地虎,염지호
3221,炎地血,염지혈
3222,炎魔,염마
3223,炎影狼,염영랑
3224,炎狱,염옥
3225,炎狱拳,염옥권
3226,衍魔枪,연마창
3227,偃甲男,언갑(남)
3228,偃甲女,언갑(여)
3229,偃兽,언수
3230,偃术,언술
3231,偃之翼,승리의 날개
3232,雁离扇,안리부채
3233,雁翎,안령
3234,焰斩,화염참
3235,燕北天,연북천
3236,燕赤侠,연적협
3237,燕子,제비
3238,羊皮,양피
3239,阳关三叠,양관삼첩
3240,阳化洞,양화동
3241,阳门峰,양문봉
3242,阳魄,양백
3243,阳阳,양양
3244,阳之气,양의 기운
3245,阳之石,양지석
3246,杨戬,양전
3247,杨炯,양형
3248,杨颖,양영
3249,杨云爻,양운효
3250,杨长老,양장로
3251,洋葱,양파
3252,养老虎,호랑이 기르기
3253,养元草,양원초
3254,妖丹,요단
3255,妖刀姬,요도히메
3256,妖狼,요랑
3257,妖女,요녀
3258,妖气,요기
3259,妖人,요인
3260,妖兽攻山,요괴의 공격
3261,妖夜,요야
3262,妖祖,요조
3263,姚周兴,조주흥
3264,瑶姬,요희
3265,药材,약재
3266,药罐,약탕기
3267,药剂师,약제사
3268,曜白虎,요백호
3269,耀尚天,요상천
3270,耀耀,요요
3271,野分,샌더스
3272,野狐丝,야호사
3273,野虎,야호
3274,野蘑菇,산버섯
3275,野山参,야생 산삼
3276,野生动物,야생동물
3277,野史,야사
3278,野兽,야수
3279,野兔肉,토끼고기
3280,野猪肉,멧돼지고기
3281,叶晨boss技能,엽신 BOSS스킬
3282,叶晨boss普攻,엽신boss일반공격
3283,叶民天,엽민천
3284,叶鸟,포피
3285,叶纵,엽종
3286,页数,페이지 수
3287,夜叉,야차
3288,夜萝洲,야라주
3289,夜明珠,야명주
3290,夜晚,밤
3291,一键,일괄
3292,一键整理,일괄 정리
3293,一濑,개빈
3294,一气,일기
3295,一星,1성
3296,一众好友,친구들
3297,伊澄,소프
3298,伊登,이든
3299,伊织,피츠
3300,医神,의신
3301,医书,의서
3302,依报,의보
3303,依蒙,사이먼
3304,仪南峰,의남봉
3305,遗迹,유적
3306,遗贤,현명
3307,遗族,유족
3308,已出现,출현
3309,已反悔,변심하였습니다.
3310,已共享,공유완료
3311,已过时,시간 만료
3312,已精纺,공방완료
3313,已领奖,수령완료
3314,已膜拜,경배 완료
3315,已探索,탐색 완료
3316,已投资,구매완료
3317,已下阵,퀵슬롯에서 제거되었습니다
3318,义昌山,의창산
3319,义士,의인
3320,义之道,의지도
3321,异域,이역
3322,抑恶,악행 억제
3323,邑临观,읍임관
3324,易略,역략
3325,易平坊,역평방
3326,易燃物,인화물
3327,易碎品,취급주의 제품
3328,易阳子,역양자
3329,驿站,역참
3330,益宣枪,익선창
3331,阴槐木,음괴목
3332,阴阳师,음양사
3333,阴之气,음의 기운
3334,阴之石,음지석
3335,荫黄道,음황도
3336,音城,조르딘
3337,音反,음반
3338,音梁,음량
3339,音疗波,음료파
3340,音裂波,음렬파
3341,音鸣波,음명파
3342,音速,음속
3343,音效,효과음
3344,殷顺,은순
3345,银娇龙,은교룡
3346,银三,팔함
3347,银色,은색
3348,银少保,은소보
3349,银时,긴토키
3350,银线,은실
3351,银鸦链,은아련
3352,尹长老,윤장로
3353,引导关,추천인
3354,引魂枪,인혼창
3355,隐刺,암살
3356,隐居者,은둔자
3357,应龙,응룡
3358,英冉套,영염 세트
3359,英招,영소
3360,英招boss技能,영소 BOSS스킬
3361,英招boss普攻,영소boss일반공격
3362,英主令,영주령
3363,樱满,아이리스
3364,鹰扬虎视,위풍당당
3365,荧辉金,형휘금
3366,荧雪石,형설석
3367,荧紫,형자
3368,影刺,영척
3369,影刺客,영척객
3370,影舞,그림자춤
3371,拥刀者,옹도자
3372,永久黄金VIP卡,영구 골드 VIP카드
3373,永久钻石VIP卡,영구 다이아 VIP카드
3374,泳装,수영복
3375,勇冠三军,용맹무쌍
3376,勇灵,용령
3377,勇士币,도전의 주화
3378,优品,우품
3379,幽暗,다크니스
3380,幽花祭,유화제
3381,幽梦,유몽
3382,幽冥宝藏,저승의 보물
3383,幽冥刀,유명도
3384,幽冥狼,유명낭
3385,幽冥之门,지옥의 문
3386,尤茨,윷
3387,尤金,유진
3388,尤娜,유나
3389,油彩,유채
3390,油蜜果,약과
3391,鱿鱼,오징어
3392,游龙,유룡
3393,游骑兵,기마병
3394,游原,유원
3395,游真,스윈튼
3396,友情值,우정치
3397,有为法,유위법
3398,有宇,스웨이츠
3399,右野,오웬
3400,幼年期,유년기
3401,幼崽,새끼
3402,幼泽,요택
3403,佑奠煌,우전황
3404,淤泥,진흙
3405,余音袅袅,여음
3406,余震,여진
3407,鱼叉,작살
3408,鱼人,어인
3409,鱼在天,어재천
3410,榆华峰,유화봉
3411,宇德,세빈
3412,宇航服,우주복
3413,宇航员,우주
3414,羽九变,우구변
3415,羽鸟,맥슨
3416,羽泉,우천
3417,羽耀,우요
3418,羽原,셸든
3419,雨师,우사
3420,语音NPC,음성NPC
3421,庾榕海,유용해
3422,玉常殿,옥상전
3423,玉达摩,옥달마
3424,玉蜂浆,옥벌꿀
3425,玉浮宫,옥부궁
3426,玉狐王,옥호왕
3427,玉魂花,옥혼화
3428,玉离宫,옥리궁
3429,玉明殿,옥명전
3430,玉女,옥녀
3431,玉佩,옥패
3432,玉清,옥청
3433,玉容,옥용
3434,玉山,옥산
3435,玉髓石,옥수석
3436,玉堂,옥당
3437,玉阳殿,옥양전
3438,玉玥宫,옥모궁
3439,玉泽,옥택
3440,驭水,어수
3441,狱火,옥화
3442,狱魔爪,옥마조
3443,浴火,욕화
3444,浴火劫,욕화겁
3445,浴巾架,수건걸이
3446,遇袭,습격
3447,御坂,하웰
3448,御刺决,어척결
3449,御祓,니콜
3450,御剑,어검
3451,御灵,어령
3452,御灵师,어령사
3453,御魔,마법제어
3454,御气,어기
3455,御兽诀,어수결
3456,御天,어천
3457,御仙,어선
3458,元朝,원나라
3459,元代,원대
3460,元福签,원복부적
3461,元府,원부
3462,元魂,원혼
3463,元晶,정석
3464,元老,원로
3465,元灵碎片,원령 조각
3466,元神,원신
3467,元守,원수
3468,元素神兵,원소신병
3469,元宵佳节,정월 대보름
3470,原地复活,제자리 부활
3471,原属性,기존속성
3472,圆藤,기아나
3473,圆形,원형
3474,圆形范围,원형 범위
3475,圆柱体,원기둥
3476,源力,원력
3477,远坂,해밀
3478,远见,퀴니
3479,远射,거리재기
3480,远野,힐리
3481,远御术,화살 방어술
3482,怨灵,원령
3483,约鲁克,조루크
3484,月饼,월병
3485,月光菩萨,월광보살
3486,月华,월화
3487,月轮,월륜
3488,月前,달 전
3489,月牙枪,월아창
3490,月彦,테이트
3491,月夜,달밤
3492,月影枪,월영창
3493,月之荧,월지형
3494,岳飞,악비
3495,越女扇,월녀부채
3496,越前,코디
3497,云川,홀리
3498,云华,운화
3499,云锦,운금
3500,云箓,운록
3501,云杉,종달나무
3502,云水,운수
3503,云天,운천
3504,陨石,운석
3505,陨石碎片,운석 조각
3506,运动鞋,운동화
3507,蕴灵珠,한령주
3508,杂货堆,잡화퇴
3509,杂货商人,잡화상인
3510,灾厄,재앙
3511,在线礼包,접속 선물
3512,暂停中,일시 정지 중
3513,暂无宝石,보석 없음
3514,赞赏,칭찬
3515,贼报复,산적의 복수
3516,贼人之手,악인의 손
3517,贼之宝,도적의 보물
3518,粘合剂,접착제
3519,詹姆士,제임스
3520,斩风,참풍
3521,斩虹道,참홍도
3522,斩魂,참혼
3523,斩龙诀,참용결
3524,斩魔,참마
3525,斩魔刀,참마도
3526,斩情使,참정사
3527,斩玄剑,참현검
3528,斩阵,참진
3529,展护卫,전호위
3530,占山猴,점산 원숭이
3531,战场币,전장 화폐
3532,战宠,전투펫
3533,战锤,메이스
3534,战斗,전투
3535,战斗积分,전투 점수
3536,战斗奖励,전투 보상
3537,战斗开启,전투 시작
3538,战斗设置,전투 설정
3539,战队,팀
3540,战魂,전혼
3541,战火,전화
3542,战姬,미호
3543,战姬贰式,전희이식
3544,战盟,연맹
3545,战前准备,전투 준비
3546,战靴,전투화
3547,战幽道,전유도
3548,战友,전우
3549,战争领主,전쟁보스
3550,站住不许走,움직이지 마
3551,张霸礼,장패예
3552,张翠山,장취산
3553,张打铁,장타철
3554,张衡,장형
3555,蟑螂,바퀴벌레
3556,长峰,맨리
3557,长剑,장검
3558,长老,장로
3559,长鸣,울음
3560,长拳,장권
3561,长生诀,장쟁결
3562,长寿花,장수화
3563,长阳,장양
3564,长爪,길고 날카로운 갈퀴
3565,掌门,장문
3566,招募官,모집관
3567,招手,인사
3568,召唤书,소환서
3569,召唤中,소환 중
3570,赵都,조도
3571,赵开颜,조개안
3572,赵星河,조성하
3573,折木,노엘
3574,折原,카비르
3575,哲铭,철명
3576,这是一个被动技能,패시브 스킬입니다.
3577,珍稀物品,희귀물품
3578,真爱永恒,진정한 사랑
3579,真崎,로렌조
3580,真情鲜花,사랑의 꽃
3581,真田,라이더
3582,真武,진무
3583,真武城,진무성
3584,真武战场BOSS掉落,진무전장BOSS 드랍
3585,真言,진언
3586,箴言符,잠언부적
3587,诊疗费,치료비
3588,阵魂,진혼
3589,阵线,전선
3590,阵形,진형
3591,鸩草,짐초
3592,振金,진금
3593,振灵,진령
3594,震地击,진지격
3595,震腑,진동
3596,震腾,진등
3597,震无伤,진무상
3598,镇魂灯,진혼등
3599,镇魂诀,진혼결
3600,镇魔,진마
3601,镇阳峰,진양봉
3602,征万里,만리
3603,正法,정법
3604,正史,정사
3605,正义审判,정의의 심판
3606,郑侠名,정협명
3607,郑消,정소
3608,郑云思,정운사
3609,政宗,스켈리
3610,之盾,의 방패
3611,之唤,의 외침
3612,之书,의 서
3613,之雨,의 비
3614,之冢,의 무덤
3615,支持率,지지율
3616,支线,서브
3617,芝草,지초
3618,枝干,가지
3619,知见,지견
3620,知性,지성
3621,肢解者,절단자
3622,执行官,집행관
3623,直江,새디
3624,职业技能,직업 스킬
3625,职业技能书,직업 스킬북
3626,职业转换,직업 변경
3627,止血,지혈
3628,止血草,지혈초
3629,止灾,재난을 막다
3630,纸鹤,종이학
3631,纸扇,부채
3632,纸质,종이
3633,指挥官,지휘관
3634,指南石,지남석
3635,至圣剑,지성검
3636,至尊VIP.半年卡,지존 VIP.6개월카드
3637,至尊VIP卡,지존 VIP카드
3638,至尊刀,지존도
3639,制衣,옷 만들기
3640,致谢,감사
3641,智之道,지지도
3642,稚灌boss技能,치관 BOSS스킬
3643,稚灌boss普攻,치관 boss일반공격
3644,中毒伤害,중독 피해
3645,中二病,중이병
3646,中级,중급
3647,中级祝福石,중급 축복석
3648,中立,중립
3649,中立区域,중립구역
3650,中秋礼包,추석 선물
3651,中士,중사
3652,中文,중문
3653,中原城,중원성
3654,终极卡牌,종극카드
3655,柊征,글로리아
3656,钟漓,종리
3657,钟历,종력
3658,钟震,종진
3659,种子,씨앗
3660,仲夏,한여름
3661,重得,무거움
3662,重砍,강력 찍기
3663,重踏,중답
3664,州登山,주등산
3665,州贡坊,주공방
3666,周常,주간
3667,周董,주동
3668,周公瑾,주공근
3669,周宁,주녕
3670,周期,주기
3671,周迅,주신
3672,轴画堆,축화 더미
3673,骤风,돌풍
3674,朱琦琪,주기기
3675,朱砂,주사
3676,朱茵,주인
3677,朱子,주자
3678,诛魔人,마인 처치
3679,诛仙,주선
3680,珠宝碎石,보석 조각
3681,诸叶,스탭니
3682,猪排,돼지갈비
3683,猪崽,돼지
3684,竹川,킴버
3685,竹笋,죽순
3686,竹叶青,살무사
3687,竹园,메이시
3688,逐风剑,축풍검
3689,逐风者,윈드 체이서
3690,烛龙,촉룡
3691,主动技能,액티브 스킬
3692,主界面,메인 화면
3693,主线,메인
3694,助岚,조남
3695,祝福,축복
3696,祝福圣剑,성검
3697,祝福值,축복치
3698,祝黑野,축흑야
3699,祝乾野,축건야
3700,祝融,축융
3701,祝玄野,축현야
3702,祝炎野,축염야
3703,筑脉针,축맥침
3704,专属VIP特惠商品,전용 VIP 혜택 상점
3705,砖块,벽돌
3706,篆印,전인
3707,庄主,장주
3708,追风,추풍
3709,追风豹,추풍표
3710,追魂,추혼
3711,追加伤害,추가피해
3712,追流,추류
3713,追亲人,가족 쫓기
3714,追随者,추종자
3715,追月弓,추월궁
3716,追月剑,추월검
3717,追云靴,추운화
3718,椎叶,레일라
3719,锥形,부채꼴
3720,坠天击,추천격
3721,准霸皇,준패황
3722,准备阶段,준비 단계
3723,准备室,대기실
3724,准备中,준비 중
3725,准魔尊,준마존
3726,准武皇,준무황
3727,准武尊,준무존
3728,啄米图,좁쌀도
3729,子技能,서브스킬
3730,子爵,자작
3731,子龙,자룡
3732,子怡服,자이
3733,梓木,노나무
3734,紫电,자전
3735,紫金葫芦,자금조롱박
3736,紫金级,자금 레벨
3737,紫金铃,자금령
3738,紫兰,자란
3739,紫烈,자열
3740,紫灵弓,자령궁
3741,紫龙晶,자용정
3742,紫穆,자목
3743,紫色及以下,영웅 이하
3744,紫庭丹,영웅단환
3745,紫外线,자외선
3746,紫薇,자미
3747,紫霞箭,자하화살
3748,紫霄,자소
3749,紫玉,자옥
3750,紫云,자운
3751,自爆,자폭
3752,自爆技能,자폭스킬
3753,自爆术,자폭술
3754,自云坊,자운방
3755,自证,증명
3756,宗门战,종문전
3757,宗师级,전문가
3758,总层数,총 층수
3759,总点数,총 점수
3760,总耗时,총 시간
3761,总经验,총 경험치
3762,总输出,전체 대미지
3763,总消耗,총 소모
3764,纵火者,방화범
3765,粽叶,쫑쯔잎
3766,邹小瑜,추소유
3767,走火入魔,주화입마
3768,族长,족장
3769,祖狄,조적
3770,最高层,최고 층
3771,最后一期,마지막
3772,尊影道,존영도
3773,左贺,파블로
3774,左王,루나
3775,左休,좌휴
3776,左有为,좌유위
3777,佐久,나탈리에
3778,佐崎,플린
3779,佐天,린우드
3780,佐耶,베일즈
3781,坐标,좌표
3782,坐标五,좌표5
3783,坐骑,탈것
3784,坐骑boss飞龙,탈것boss비룡
3785,坐骑boss凤凰,탈것boss봉황
3786,坐骑boss狐狸,탈것boss여우
3787,坐骑boss狼,탈것boss늑대
3788,坐骑boss魔虎,탈것boss마호
3789,坐骑boss麒麟,탈것boss기린
3790,坐骑榜,탈것랭킹
3791,坐骑飞龙boss技能,탈것 비룡 BOSS스킬
3792,坐骑凤凰boss技能,탈것 봉황 BOSS스킬
3793,坐骑狐狸boss技能,탈것 여우 BOSS스킬
3794,坐骑狼boss技能,탈것 늑대 BOSS스킬
3795,坐骑灵,탈것 영
3796,坐骑魔虎boss技能,탈것 마호 BOSS스킬
3797,坐骑皮肤,탈것 스킨
3798,坐骑麒麟boss技能,탈것 기린 BOSS스킬
3799,坐骑说明,탈것 설명
3800,坐骑自选宝箱,탈것 선택상자
